0
SECTION
2
HEADER
9
$ACADVER
1
AC1009
9
$INSUNITS
70
4
9
$MEASUREMENT
70
1
9
$EXTMIN
10
0.0
20
0.0
30
0.0
9
$EXTMAX
10
215.0000
20
184.0000
30
0.0
0
ENDSEC
0
SECTION
2
TABLES
0
TABLE
2
LAYER
70
2
0
LAYER
2
REZ
70
0
62
1
6
CONTINUOUS
0
LAYER
2
GRAVIROVANI
70
0
62
5
6
CONTINUOUS
0
ENDTAB
0
ENDSEC
0
SECTION
2
ENTITIES
0
CIRCLE
8
REZ
10
110.0000
20
146.5000
30
0.0
40
1.0000
0
CIRCLE
8
REZ
10
85.0000
20
146.5000
30
0.0
40
1.0000
0
CIRCLE
8
REZ
10
60.0000
20
146.5000
30
0.0
40
1.0000
0
CIRCLE
8
REZ
10
35.0000
20
146.5000
30
0.0
40
1.0000
0
CIRCLE
8
REZ
10
10.0000
20
146.5000
30
0.0
40
1.0000
0
CIRCLE
8
REZ
10
110.0000
20
89.5000
30
0.0
40
1.0000
0
CIRCLE
8
REZ
10
85.0000
20
89.5000
30
0.0
40
1.0000
0
CIRCLE
8
REZ
10
60.0000
20
89.5000
30
0.0
40
1.0000
0
CIRCLE
8
REZ
10
35.0000
20
89.5000
30
0.0
40
1.0000
0
CIRCLE
8
REZ
10
10.0000
20
89.5000
30
0.0
40
1.0000
0
CIRCLE
8
REZ
10
16.8000
20
32.5000
30
0.0
40
1.0000
0
CIRCLE
8
REZ
10
64.5000
20
32.5000
30
0.0
40
1.0000
0
CIRCLE
8
REZ
10
115.5000
20
32.5000
30
0.0
40
1.0000
0
CIRCLE
8
REZ
10
163.2000
20
32.5000
30
0.0
40
1.0000
0
CIRCLE
8
REZ
10
90.0000
20
44.5000
30
0.0
40
1.0000
0
CIRCLE
8
REZ
10
90.0000
20
20.5000
30
0.0
40
1.0000
0
CIRCLE
8
REZ
10
205.0000
20
6.0000
30
0.0
40
2.0000
0
LINE
8
REZ
10
0.0000
20
179.0000
30
0.0
11
5.0000
21
184.0000
31
0.0
0
LINE
8
REZ
10
5.0000
20
184.0000
30
0.0
11
212.0000
21
184.0000
31
0.0
0
ARC
8
REZ
10
212.0000
20
181.0000
30
0.0
40
3.0000
50
0.0000
51
90.0000
0
LINE
8
REZ
10
215.0000
20
181.0000
30
0.0
11
215.0000
21
3.0000
31
0.0
0
ARC
8
REZ
10
212.0000
20
3.0000
30
0.0
40
3.0000
50
270.0000
51
0.0000
0
LINE
8
REZ
10
212.0000
20
0.0000
30
0.0
11
3.0000
21
0.0000
31
0.0
0
ARC
8
REZ
10
3.0000
20
3.0000
30
0.0
40
3.0000
50
180.0000
51
270.0000
0
LINE
8
REZ
10
0.0000
20
3.0000
30
0.0
11
0.0000
21
179.0000
31
0.0
0
LINE
8
REZ
10
149.2870
20
174.0000
30
0.0
11
201.9510
21
150.1440
31
0.0
0
ARC
8
REZ
10
200.3014
20
146.5000
30
0.0
40
4.0000
50
294.3561
51
65.6439
0
LINE
8
REZ
10
201.9510
20
142.8560
30
0.0
11
149.2870
21
119.0000
31
0.0
0
LINE
8
REZ
10
149.2870
20
119.0000
30
0.0
11
149.2870
21
174.0000
31
0.0
0
ARC
8
REZ
10
181.8000
20
89.5000
30
0.0
40
23.0000
50
270.0000
51
90.0000
0
ARC
8
REZ
10
181.8000
20
67.0000
30
0.0
40
0.5000
50
270.0000
51
90.0000
0
ARC
8
REZ
10
181.8000
20
89.5000
30
0.0
40
22.0000
50
270.0000
51
90.0000
0
ARC
8
REZ
10
181.8000
20
112.0000
30
0.0
40
0.5000
50
270.0000
51
90.0000
0
ARC
8
REZ
10
181.8000
20
89.5000
30
0.0
40
20.5000
50
270.0000
51
90.0000
0
ARC
8
REZ
10
181.8000
20
69.5000
30
0.0
40
0.5000
50
270.0000
51
90.0000
0
ARC
8
REZ
10
181.8000
20
89.5000
30
0.0
40
19.5000
50
270.0000
51
90.0000
0
ARC
8
REZ
10
181.8000
20
109.5000
30
0.0
40
0.5000
50
270.0000
51
90.0000
0
ARC
8
REZ
10
181.8000
20
89.5000
30
0.0
40
18.0000
50
270.0000
51
90.0000
0
ARC
8
REZ
10
181.8000
20
72.0000
30
0.0
40
0.5000
50
270.0000
51
90.0000
0
ARC
8
REZ
10
181.8000
20
89.5000
30
0.0
40
17.0000
50
270.0000
51
90.0000
0
ARC
8
REZ
10
181.8000
20
107.0000
30
0.0
40
0.5000
50
270.0000
51
90.0000
0
ARC
8
REZ
10
181.8000
20
89.5000
30
0.0
40
15.5000
50
270.0000
51
90.0000
0
ARC
8
REZ
10
181.8000
20
74.5000
30
0.0
40
0.5000
50
270.0000
51
90.0000
0
ARC
8
REZ
10
181.8000
20
89.5000
30
0.0
40
14.5000
50
270.0000
51
90.0000
0
ARC
8
REZ
10
181.8000
20
104.5000
30
0.0
40
0.5000
50
270.0000
51
90.0000
0
LINE
8
REZ
10
80.5000
20
35.5000
30
0.0
11
99.5000
21
35.5000
31
0.0
0
ARC
8
REZ
10
99.5000
20
32.5000
30
0.0
40
3.0000
50
270.0000
51
90.0000
0
LINE
8
REZ
10
99.5000
20
29.5000
30
0.0
11
80.5000
21
29.5000
31
0.0
0
ARC
8
REZ
10
80.5000
20
32.5000
30
0.0
40
3.0000
50
90.0000
51
270.0000
0
POLYLINE
8
GRAVIROVANI
10
0.0
20
0.0
30
0.0
66
1
70
1
0
VERTEX
8
GRAVIROVANI
10
24.0000
20
146.3750
30
0.0
0
VERTEX
8
GRAVIROVANI
10
31.0000
20
146.3750
30
0.0
0
VERTEX
8
GRAVIROVANI
10
31.0000
20
146.6250
30
0.0
0
VERTEX
8
GRAVIROVANI
10
24.0000
20
146.6250
30
0.0
0
SEQEND
8
GRAVIROVANI
0
POLYLINE
8
GRAVIROVANI
10
0.0
20
0.0
30
0.0
66
1
70
1
0
VERTEX
8
GRAVIROVANI
10
24.0000
20
147.3750
30
0.0
0
VERTEX
8
GRAVIROVANI
10
26.0000
20
147.3750
30
0.0
0
VERTEX
8
GRAVIROVANI
10
26.0000
20
147.6250
30
0.0
0
VERTEX
8
GRAVIROVANI
10
24.0000
20
147.6250
30
0.0
0
SEQEND
8
GRAVIROVANI
0
POLYLINE
8
GRAVIROVANI
10
0.0
20
0.0
30
0.0
66
1
70
1
0
VERTEX
8
GRAVIROVANI
10
24.0000
20
145.3750
30
0.0
0
VERTEX
8
GRAVIROVANI
10
26.0000
20
145.3750
30
0.0
0
VERTEX
8
GRAVIROVANI
10
26.0000
20
145.6250
30
0.0
0
VERTEX
8
GRAVIROVANI
10
24.0000
20
145.6250
30
0.0
0
SEQEND
8
GRAVIROVANI
0
POLYLINE
8
GRAVIROVANI
10
0.0
20
0.0
30
0.0
66
1
70
1
0
VERTEX
8
GRAVIROVANI
10
24.0000
20
148.3750
30
0.0
0
VERTEX
8
GRAVIROVANI
10
26.0000
20
148.3750
30
0.0
0
VERTEX
8
GRAVIROVANI
10
26.0000
20
148.6250
30
0.0
0
VERTEX
8
GRAVIROVANI
10
24.0000
20
148.6250
30
0.0
0
SEQEND
8
GRAVIROVANI
0
POLYLINE
8
GRAVIROVANI
10
0.0
20
0.0
30
0.0
66
1
70
1
0
VERTEX
8
GRAVIROVANI
10
24.0000
20
144.3750
30
0.0
0
VERTEX
8
GRAVIROVANI
10
26.0000
20
144.3750
30
0.0
0
VERTEX
8
GRAVIROVANI
10
26.0000
20
144.6250
30
0.0
0
VERTEX
8
GRAVIROVANI
10
24.0000
20
144.6250
30
0.0
0
SEQEND
8
GRAVIROVANI
0
POLYLINE
8
GRAVIROVANI
10
0.0
20
0.0
30
0.0
66
1
70
1
0
VERTEX
8
GRAVIROVANI
10
24.0000
20
149.3750
30
0.0
0
VERTEX
8
GRAVIROVANI
10
26.0000
20
149.3750
30
0.0
0
VERTEX
8
GRAVIROVANI
10
26.0000
20
149.6250
30
0.0
0
VERTEX
8
GRAVIROVANI
10
24.0000
20
149.6250
30
0.0
0
SEQEND
8
GRAVIROVANI
0
POLYLINE
8
GRAVIROVANI
10
0.0
20
0.0
30
0.0
66
1
70
1
0
VERTEX
8
GRAVIROVANI
10
24.0000
20
143.3750
30
0.0
0
VERTEX
8
GRAVIROVANI
10
26.0000
20
143.3750
30
0.0
0
VERTEX
8
GRAVIROVANI
10
26.0000
20
143.6250
30
0.0
0
VERTEX
8
GRAVIROVANI
10
24.0000
20
143.6250
30
0.0
0
SEQEND
8
GRAVIROVANI
0
POLYLINE
8
GRAVIROVANI
10
0.0
20
0.0
30
0.0
66
1
70
1
0
VERTEX
8
GRAVIROVANI
10
24.0000
20
150.3750
30
0.0
0
VERTEX
8
GRAVIROVANI
10
26.0000
20
150.3750
30
0.0
0
VERTEX
8
GRAVIROVANI
10
26.0000
20
150.6250
30
0.0
0
VERTEX
8
GRAVIROVANI
10
24.0000
20
150.6250
30
0.0
0
SEQEND
8
GRAVIROVANI
0
POLYLINE
8
GRAVIROVANI
10
0.0
20
0.0
30
0.0
66
1
70
1
0
VERTEX
8
GRAVIROVANI
10
24.0000
20
142.3750
30
0.0
0
VERTEX
8
GRAVIROVANI
10
26.0000
20
142.3750
30
0.0
0
VERTEX
8
GRAVIROVANI
10
26.0000
20
142.6250
30
0.0
0
VERTEX
8
GRAVIROVANI
10
24.0000
20
142.6250
30
0.0
0
SEQEND
8
GRAVIROVANI
0
POLYLINE
8
GRAVIROVANI
10
0.0
20
0.0
30
0.0
66
1
70
1
0
VERTEX
8
GRAVIROVANI
10
24.0000
20
151.3750
30
0.0
0
VERTEX
8
GRAVIROVANI
10
28.0000
20
151.3750
30
0.0
0
VERTEX
8
GRAVIROVANI
10
28.0000
20
151.6250
30
0.0
0
VERTEX
8
GRAVIROVANI
10
24.0000
20
151.6250
30
0.0
0
SEQEND
8
GRAVIROVANI
0
POLYLINE
8
GRAVIROVANI
10
0.0
20
0.0
30
0.0
66
1
70
1
0
VERTEX
8
GRAVIROVANI
10
24.0000
20
141.3750
30
0.0
0
VERTEX
8
GRAVIROVANI
10
28.0000
20
141.3750
30
0.0
0
VERTEX
8
GRAVIROVANI
10
28.0000
20
141.6250
30
0.0
0
VERTEX
8
GRAVIROVANI
10
24.0000
20
141.6250
30
0.0
0
SEQEND
8
GRAVIROVANI
0
POLYLINE
8
GRAVIROVANI
10
0.0
20
0.0
30
0.0
66
1
70
1
0
VERTEX
8
GRAVIROVANI
10
24.0000
20
152.3750
30
0.0
0
VERTEX
8
GRAVIROVANI
10
26.0000
20
152.3750
30
0.0
0
VERTEX
8
GRAVIROVANI
10
26.0000
20
152.6250
30
0.0
0
VERTEX
8
GRAVIROVANI
10
24.0000
20
152.6250
30
0.0
0
SEQEND
8
GRAVIROVANI
0
POLYLINE
8
GRAVIROVANI
10
0.0
20
0.0
30
0.0
66
1
70
1
0
VERTEX
8
GRAVIROVANI
10
24.0000
20
140.3750
30
0.0
0
VERTEX
8
GRAVIROVANI
10
26.0000
20
140.3750
30
0.0
0
VERTEX
8
GRAVIROVANI
10
26.0000
20
140.6250
30
0.0
0
VERTEX
8
GRAVIROVANI
10
24.0000
20
140.6250
30
0.0
0
SEQEND
8
GRAVIROVANI
0
POLYLINE
8
GRAVIROVANI
10
0.0
20
0.0
30
0.0
66
1
70
1
0
VERTEX
8
GRAVIROVANI
10
24.0000
20
153.3750
30
0.0
0
VERTEX
8
GRAVIROVANI
10
26.0000
20
153.3750
30
0.0
0
VERTEX
8
GRAVIROVANI
10
26.0000
20
153.6250
30
0.0
0
VERTEX
8
GRAVIROVANI
10
24.0000
20
153.6250
30
0.0
0
SEQEND
8
GRAVIROVANI
0
POLYLINE
8
GRAVIROVANI
10
0.0
20
0.0
30
0.0
66
1
70
1
0
VERTEX
8
GRAVIROVANI
10
24.0000
20
139.3750
30
0.0
0
VERTEX
8
GRAVIROVANI
10
26.0000
20
139.3750
30
0.0
0
VERTEX
8
GRAVIROVANI
10
26.0000
20
139.6250
30
0.0
0
VERTEX
8
GRAVIROVANI
10
24.0000
20
139.6250
30
0.0
0
SEQEND
8
GRAVIROVANI
0
POLYLINE
8
GRAVIROVANI
10
0.0
20
0.0
30
0.0
66
1
70
1
0
VERTEX
8
GRAVIROVANI
10
24.0000
20
154.3750
30
0.0
0
VERTEX
8
GRAVIROVANI
10
26.0000
20
154.3750
30
0.0
0
VERTEX
8
GRAVIROVANI
10
26.0000
20
154.6250
30
0.0
0
VERTEX
8
GRAVIROVANI
10
24.0000
20
154.6250
30
0.0
0
SEQEND
8
GRAVIROVANI
0
POLYLINE
8
GRAVIROVANI
10
0.0
20
0.0
30
0.0
66
1
70
1
0
VERTEX
8
GRAVIROVANI
10
24.0000
20
138.3750
30
0.0
0
VERTEX
8
GRAVIROVANI
10
26.0000
20
138.3750
30
0.0
0
VERTEX
8
GRAVIROVANI
10
26.0000
20
138.6250
30
0.0
0
VERTEX
8
GRAVIROVANI
10
24.0000
20
138.6250
30
0.0
0
SEQEND
8
GRAVIROVANI
0
POLYLINE
8
GRAVIROVANI
10
0.0
20
0.0
30
0.0
66
1
70
1
0
VERTEX
8
GRAVIROVANI
10
24.0000
20
155.3750
30
0.0
0
VERTEX
8
GRAVIROVANI
10
26.0000
20
155.3750
30
0.0
0
VERTEX
8
GRAVIROVANI
10
26.0000
20
155.6250
30
0.0
0
VERTEX
8
GRAVIROVANI
10
24.0000
20
155.6250
30
0.0
0
SEQEND
8
GRAVIROVANI
0
POLYLINE
8
GRAVIROVANI
10
0.0
20
0.0
30
0.0
66
1
70
1
0
VERTEX
8
GRAVIROVANI
10
24.0000
20
137.3750
30
0.0
0
VERTEX
8
GRAVIROVANI
10
26.0000
20
137.3750
30
0.0
0
VERTEX
8
GRAVIROVANI
10
26.0000
20
137.6250
30
0.0
0
VERTEX
8
GRAVIROVANI
10
24.0000
20
137.6250
30
0.0
0
SEQEND
8
GRAVIROVANI
0
POLYLINE
8
GRAVIROVANI
10
0.0
20
0.0
30
0.0
66
1
70
1
0
VERTEX
8
GRAVIROVANI
10
24.0000
20
156.3750
30
0.0
0
VERTEX
8
GRAVIROVANI
10
31.0000
20
156.3750
30
0.0
0
VERTEX
8
GRAVIROVANI
10
31.0000
20
156.6250
30
0.0
0
VERTEX
8
GRAVIROVANI
10
24.0000
20
156.6250
30
0.0
0
SEQEND
8
GRAVIROVANI
0
POLYLINE
8
GRAVIROVANI
10
0.0
20
0.0
30
0.0
66
1
70
1
0
VERTEX
8
GRAVIROVANI
10
19.0150
20
157.8000
30
0.0
0
VERTEX
8
GRAVIROVANI
10
19.0150
20
156.5000
30
0.0
0
VERTEX
8
GRAVIROVANI
10
19.2650
20
156.5000
30
0.0
0
VERTEX
8
GRAVIROVANI
10
19.2650
20
157.8000
30
0.0
0
SEQEND
8
GRAVIROVANI
0
POLYLINE
8
GRAVIROVANI
10
0.0
20
0.0
30
0.0
66
1
70
1
0
VERTEX
8
GRAVIROVANI
10
19.0150
20
156.5000
30
0.0
0
VERTEX
8
GRAVIROVANI
10
19.0150
20
155.2000
30
0.0
0
VERTEX
8
GRAVIROVANI
10
19.2650
20
155.2000
30
0.0
0
VERTEX
8
GRAVIROVANI
10
19.2650
20
156.5000
30
0.0
0
SEQEND
8
GRAVIROVANI
0
POLYLINE
8
GRAVIROVANI
10
0.0
20
0.0
30
0.0
66
1
70
1
0
VERTEX
8
GRAVIROVANI
10
19.7900
20
157.6750
30
0.0
0
VERTEX
8
GRAVIROVANI
10
21.3500
20
157.6750
30
0.0
0
VERTEX
8
GRAVIROVANI
10
21.3500
20
157.9250
30
0.0
0
VERTEX
8
GRAVIROVANI
10
19.7900
20
157.9250
30
0.0
0
SEQEND
8
GRAVIROVANI
0
POLYLINE
8
GRAVIROVANI
10
0.0
20
0.0
30
0.0
66
1
70
1
0
VERTEX
8
GRAVIROVANI
10
19.6650
20
157.8000
30
0.0
0
VERTEX
8
GRAVIROVANI
10
19.6650
20
156.5000
30
0.0
0
VERTEX
8
GRAVIROVANI
10
19.9150
20
156.5000
30
0.0
0
VERTEX
8
GRAVIROVANI
10
19.9150
20
157.8000
30
0.0
0
SEQEND
8
GRAVIROVANI
0
POLYLINE
8
GRAVIROVANI
10
0.0
20
0.0
30
0.0
66
1
70
1
0
VERTEX
8
GRAVIROVANI
10
21.2250
20
157.8000
30
0.0
0
VERTEX
8
GRAVIROVANI
10
21.2250
20
156.5000
30
0.0
0
VERTEX
8
GRAVIROVANI
10
21.4750
20
156.5000
30
0.0
0
VERTEX
8
GRAVIROVANI
10
21.4750
20
157.8000
30
0.0
0
SEQEND
8
GRAVIROVANI
0
POLYLINE
8
GRAVIROVANI
10
0.0
20
0.0
30
0.0
66
1
70
1
0
VERTEX
8
GRAVIROVANI
10
19.6650
20
156.5000
30
0.0
0
VERTEX
8
GRAVIROVANI
10
19.6650
20
155.2000
30
0.0
0
VERTEX
8
GRAVIROVANI
10
19.9150
20
155.2000
30
0.0
0
VERTEX
8
GRAVIROVANI
10
19.9150
20
156.5000
30
0.0
0
SEQEND
8
GRAVIROVANI
0
POLYLINE
8
GRAVIROVANI
10
0.0
20
0.0
30
0.0
66
1
70
1
0
VERTEX
8
GRAVIROVANI
10
21.2250
20
156.5000
30
0.0
0
VERTEX
8
GRAVIROVANI
10
21.2250
20
155.2000
30
0.0
0
VERTEX
8
GRAVIROVANI
10
21.4750
20
155.2000
30
0.0
0
VERTEX
8
GRAVIROVANI
10
21.4750
20
156.5000
30
0.0
0
SEQEND
8
GRAVIROVANI
0
POLYLINE
8
GRAVIROVANI
10
0.0
20
0.0
30
0.0
66
1
70
1
0
VERTEX
8
GRAVIROVANI
10
19.7900
20
155.0750
30
0.0
0
VERTEX
8
GRAVIROVANI
10
21.3500
20
155.0750
30
0.0
0
VERTEX
8
GRAVIROVANI
10
21.3500
20
155.3250
30
0.0
0
VERTEX
8
GRAVIROVANI
10
19.7900
20
155.3250
30
0.0
0
SEQEND
8
GRAVIROVANI
0
POLYLINE
8
GRAVIROVANI
10
0.0
20
0.0
30
0.0
66
1
70
1
0
VERTEX
8
GRAVIROVANI
10
24.0000
20
136.3750
30
0.0
0
VERTEX
8
GRAVIROVANI
10
31.0000
20
136.3750
30
0.0
0
VERTEX
8
GRAVIROVANI
10
31.0000
20
136.6250
30
0.0
0
VERTEX
8
GRAVIROVANI
10
24.0000
20
136.6250
30
0.0
0
SEQEND
8
GRAVIROVANI
0
POLYLINE
8
GRAVIROVANI
10
0.0
20
0.0
30
0.0
66
1
70
1
0
VERTEX
8
GRAVIROVANI
10
19.0150
20
137.8000
30
0.0
0
VERTEX
8
GRAVIROVANI
10
19.0150
20
136.5000
30
0.0
0
VERTEX
8
GRAVIROVANI
10
19.2650
20
136.5000
30
0.0
0
VERTEX
8
GRAVIROVANI
10
19.2650
20
137.8000
30
0.0
0
SEQEND
8
GRAVIROVANI
0
POLYLINE
8
GRAVIROVANI
10
0.0
20
0.0
30
0.0
66
1
70
1
0
VERTEX
8
GRAVIROVANI
10
19.0150
20
136.5000
30
0.0
0
VERTEX
8
GRAVIROVANI
10
19.0150
20
135.2000
30
0.0
0
VERTEX
8
GRAVIROVANI
10
19.2650
20
135.2000
30
0.0
0
VERTEX
8
GRAVIROVANI
10
19.2650
20
136.5000
30
0.0
0
SEQEND
8
GRAVIROVANI
0
POLYLINE
8
GRAVIROVANI
10
0.0
20
0.0
30
0.0
66
1
70
1
0
VERTEX
8
GRAVIROVANI
10
19.7900
20
137.6750
30
0.0
0
VERTEX
8
GRAVIROVANI
10
21.3500
20
137.6750
30
0.0
0
VERTEX
8
GRAVIROVANI
10
21.3500
20
137.9250
30
0.0
0
VERTEX
8
GRAVIROVANI
10
19.7900
20
137.9250
30
0.0
0
SEQEND
8
GRAVIROVANI
0
POLYLINE
8
GRAVIROVANI
10
0.0
20
0.0
30
0.0
66
1
70
1
0
VERTEX
8
GRAVIROVANI
10
19.6650
20
137.8000
30
0.0
0
VERTEX
8
GRAVIROVANI
10
19.6650
20
136.5000
30
0.0
0
VERTEX
8
GRAVIROVANI
10
19.9150
20
136.5000
30
0.0
0
VERTEX
8
GRAVIROVANI
10
19.9150
20
137.8000
30
0.0
0
SEQEND
8
GRAVIROVANI
0
POLYLINE
8
GRAVIROVANI
10
0.0
20
0.0
30
0.0
66
1
70
1
0
VERTEX
8
GRAVIROVANI
10
21.2250
20
137.8000
30
0.0
0
VERTEX
8
GRAVIROVANI
10
21.2250
20
136.5000
30
0.0
0
VERTEX
8
GRAVIROVANI
10
21.4750
20
136.5000
30
0.0
0
VERTEX
8
GRAVIROVANI
10
21.4750
20
137.8000
30
0.0
0
SEQEND
8
GRAVIROVANI
0
POLYLINE
8
GRAVIROVANI
10
0.0
20
0.0
30
0.0
66
1
70
1
0
VERTEX
8
GRAVIROVANI
10
19.6650
20
136.5000
30
0.0
0
VERTEX
8
GRAVIROVANI
10
19.6650
20
135.2000
30
0.0
0
VERTEX
8
GRAVIROVANI
10
19.9150
20
135.2000
30
0.0
0
VERTEX
8
GRAVIROVANI
10
19.9150
20
136.5000
30
0.0
0
SEQEND
8
GRAVIROVANI
0
POLYLINE
8
GRAVIROVANI
10
0.0
20
0.0
30
0.0
66
1
70
1
0
VERTEX
8
GRAVIROVANI
10
21.2250
20
136.5000
30
0.0
0
VERTEX
8
GRAVIROVANI
10
21.2250
20
135.2000
30
0.0
0
VERTEX
8
GRAVIROVANI
10
21.4750
20
135.2000
30
0.0
0
VERTEX
8
GRAVIROVANI
10
21.4750
20
136.5000
30
0.0
0
SEQEND
8
GRAVIROVANI
0
POLYLINE
8
GRAVIROVANI
10
0.0
20
0.0
30
0.0
66
1
70
1
0
VERTEX
8
GRAVIROVANI
10
19.7900
20
135.0750
30
0.0
0
VERTEX
8
GRAVIROVANI
10
21.3500
20
135.0750
30
0.0
0
VERTEX
8
GRAVIROVANI
10
21.3500
20
135.3250
30
0.0
0
VERTEX
8
GRAVIROVANI
10
19.7900
20
135.3250
30
0.0
0
SEQEND
8
GRAVIROVANI
0
POLYLINE
8
GRAVIROVANI
10
0.0
20
0.0
30
0.0
66
1
70
1
0
VERTEX
8
GRAVIROVANI
10
24.0000
20
157.3750
30
0.0
0
VERTEX
8
GRAVIROVANI
10
26.0000
20
157.3750
30
0.0
0
VERTEX
8
GRAVIROVANI
10
26.0000
20
157.6250
30
0.0
0
VERTEX
8
GRAVIROVANI
10
24.0000
20
157.6250
30
0.0
0
SEQEND
8
GRAVIROVANI
0
POLYLINE
8
GRAVIROVANI
10
0.0
20
0.0
30
0.0
66
1
70
1
0
VERTEX
8
GRAVIROVANI
10
24.0000
20
135.3750
30
0.0
0
VERTEX
8
GRAVIROVANI
10
26.0000
20
135.3750
30
0.0
0
VERTEX
8
GRAVIROVANI
10
26.0000
20
135.6250
30
0.0
0
VERTEX
8
GRAVIROVANI
10
24.0000
20
135.6250
30
0.0
0
SEQEND
8
GRAVIROVANI
0
POLYLINE
8
GRAVIROVANI
10
0.0
20
0.0
30
0.0
66
1
70
1
0
VERTEX
8
GRAVIROVANI
10
24.0000
20
158.3750
30
0.0
0
VERTEX
8
GRAVIROVANI
10
26.0000
20
158.3750
30
0.0
0
VERTEX
8
GRAVIROVANI
10
26.0000
20
158.6250
30
0.0
0
VERTEX
8
GRAVIROVANI
10
24.0000
20
158.6250
30
0.0
0
SEQEND
8
GRAVIROVANI
0
POLYLINE
8
GRAVIROVANI
10
0.0
20
0.0
30
0.0
66
1
70
1
0
VERTEX
8
GRAVIROVANI
10
24.0000
20
134.3750
30
0.0
0
VERTEX
8
GRAVIROVANI
10
26.0000
20
134.3750
30
0.0
0
VERTEX
8
GRAVIROVANI
10
26.0000
20
134.6250
30
0.0
0
VERTEX
8
GRAVIROVANI
10
24.0000
20
134.6250
30
0.0
0
SEQEND
8
GRAVIROVANI
0
POLYLINE
8
GRAVIROVANI
10
0.0
20
0.0
30
0.0
66
1
70
1
0
VERTEX
8
GRAVIROVANI
10
24.0000
20
159.3750
30
0.0
0
VERTEX
8
GRAVIROVANI
10
26.0000
20
159.3750
30
0.0
0
VERTEX
8
GRAVIROVANI
10
26.0000
20
159.6250
30
0.0
0
VERTEX
8
GRAVIROVANI
10
24.0000
20
159.6250
30
0.0
0
SEQEND
8
GRAVIROVANI
0
POLYLINE
8
GRAVIROVANI
10
0.0
20
0.0
30
0.0
66
1
70
1
0
VERTEX
8
GRAVIROVANI
10
24.0000
20
133.3750
30
0.0
0
VERTEX
8
GRAVIROVANI
10
26.0000
20
133.3750
30
0.0
0
VERTEX
8
GRAVIROVANI
10
26.0000
20
133.6250
30
0.0
0
VERTEX
8
GRAVIROVANI
10
24.0000
20
133.6250
30
0.0
0
SEQEND
8
GRAVIROVANI
0
POLYLINE
8
GRAVIROVANI
10
0.0
20
0.0
30
0.0
66
1
70
1
0
VERTEX
8
GRAVIROVANI
10
24.0000
20
160.3750
30
0.0
0
VERTEX
8
GRAVIROVANI
10
26.0000
20
160.3750
30
0.0
0
VERTEX
8
GRAVIROVANI
10
26.0000
20
160.6250
30
0.0
0
VERTEX
8
GRAVIROVANI
10
24.0000
20
160.6250
30
0.0
0
SEQEND
8
GRAVIROVANI
0
POLYLINE
8
GRAVIROVANI
10
0.0
20
0.0
30
0.0
66
1
70
1
0
VERTEX
8
GRAVIROVANI
10
24.0000
20
132.3750
30
0.0
0
VERTEX
8
GRAVIROVANI
10
26.0000
20
132.3750
30
0.0
0
VERTEX
8
GRAVIROVANI
10
26.0000
20
132.6250
30
0.0
0
VERTEX
8
GRAVIROVANI
10
24.0000
20
132.6250
30
0.0
0
SEQEND
8
GRAVIROVANI
0
POLYLINE
8
GRAVIROVANI
10
0.0
20
0.0
30
0.0
66
1
70
1
0
VERTEX
8
GRAVIROVANI
10
24.0000
20
161.3750
30
0.0
0
VERTEX
8
GRAVIROVANI
10
28.0000
20
161.3750
30
0.0
0
VERTEX
8
GRAVIROVANI
10
28.0000
20
161.6250
30
0.0
0
VERTEX
8
GRAVIROVANI
10
24.0000
20
161.6250
30
0.0
0
SEQEND
8
GRAVIROVANI
0
POLYLINE
8
GRAVIROVANI
10
0.0
20
0.0
30
0.0
66
1
70
1
0
VERTEX
8
GRAVIROVANI
10
24.0000
20
131.3750
30
0.0
0
VERTEX
8
GRAVIROVANI
10
28.0000
20
131.3750
30
0.0
0
VERTEX
8
GRAVIROVANI
10
28.0000
20
131.6250
30
0.0
0
VERTEX
8
GRAVIROVANI
10
24.0000
20
131.6250
30
0.0
0
SEQEND
8
GRAVIROVANI
0
POLYLINE
8
GRAVIROVANI
10
0.0
20
0.0
30
0.0
66
1
70
1
0
VERTEX
8
GRAVIROVANI
10
24.0000
20
162.3750
30
0.0
0
VERTEX
8
GRAVIROVANI
10
26.0000
20
162.3750
30
0.0
0
VERTEX
8
GRAVIROVANI
10
26.0000
20
162.6250
30
0.0
0
VERTEX
8
GRAVIROVANI
10
24.0000
20
162.6250
30
0.0
0
SEQEND
8
GRAVIROVANI
0
POLYLINE
8
GRAVIROVANI
10
0.0
20
0.0
30
0.0
66
1
70
1
0
VERTEX
8
GRAVIROVANI
10
24.0000
20
130.3750
30
0.0
0
VERTEX
8
GRAVIROVANI
10
26.0000
20
130.3750
30
0.0
0
VERTEX
8
GRAVIROVANI
10
26.0000
20
130.6250
30
0.0
0
VERTEX
8
GRAVIROVANI
10
24.0000
20
130.6250
30
0.0
0
SEQEND
8
GRAVIROVANI
0
POLYLINE
8
GRAVIROVANI
10
0.0
20
0.0
30
0.0
66
1
70
1
0
VERTEX
8
GRAVIROVANI
10
24.0000
20
163.3750
30
0.0
0
VERTEX
8
GRAVIROVANI
10
26.0000
20
163.3750
30
0.0
0
VERTEX
8
GRAVIROVANI
10
26.0000
20
163.6250
30
0.0
0
VERTEX
8
GRAVIROVANI
10
24.0000
20
163.6250
30
0.0
0
SEQEND
8
GRAVIROVANI
0
POLYLINE
8
GRAVIROVANI
10
0.0
20
0.0
30
0.0
66
1
70
1
0
VERTEX
8
GRAVIROVANI
10
24.0000
20
129.3750
30
0.0
0
VERTEX
8
GRAVIROVANI
10
26.0000
20
129.3750
30
0.0
0
VERTEX
8
GRAVIROVANI
10
26.0000
20
129.6250
30
0.0
0
VERTEX
8
GRAVIROVANI
10
24.0000
20
129.6250
30
0.0
0
SEQEND
8
GRAVIROVANI
0
POLYLINE
8
GRAVIROVANI
10
0.0
20
0.0
30
0.0
66
1
70
1
0
VERTEX
8
GRAVIROVANI
10
24.0000
20
164.3750
30
0.0
0
VERTEX
8
GRAVIROVANI
10
26.0000
20
164.3750
30
0.0
0
VERTEX
8
GRAVIROVANI
10
26.0000
20
164.6250
30
0.0
0
VERTEX
8
GRAVIROVANI
10
24.0000
20
164.6250
30
0.0
0
SEQEND
8
GRAVIROVANI
0
POLYLINE
8
GRAVIROVANI
10
0.0
20
0.0
30
0.0
66
1
70
1
0
VERTEX
8
GRAVIROVANI
10
24.0000
20
128.3750
30
0.0
0
VERTEX
8
GRAVIROVANI
10
26.0000
20
128.3750
30
0.0
0
VERTEX
8
GRAVIROVANI
10
26.0000
20
128.6250
30
0.0
0
VERTEX
8
GRAVIROVANI
10
24.0000
20
128.6250
30
0.0
0
SEQEND
8
GRAVIROVANI
0
POLYLINE
8
GRAVIROVANI
10
0.0
20
0.0
30
0.0
66
1
70
1
0
VERTEX
8
GRAVIROVANI
10
24.0000
20
165.3750
30
0.0
0
VERTEX
8
GRAVIROVANI
10
26.0000
20
165.3750
30
0.0
0
VERTEX
8
GRAVIROVANI
10
26.0000
20
165.6250
30
0.0
0
VERTEX
8
GRAVIROVANI
10
24.0000
20
165.6250
30
0.0
0
SEQEND
8
GRAVIROVANI
0
POLYLINE
8
GRAVIROVANI
10
0.0
20
0.0
30
0.0
66
1
70
1
0
VERTEX
8
GRAVIROVANI
10
24.0000
20
127.3750
30
0.0
0
VERTEX
8
GRAVIROVANI
10
26.0000
20
127.3750
30
0.0
0
VERTEX
8
GRAVIROVANI
10
26.0000
20
127.6250
30
0.0
0
VERTEX
8
GRAVIROVANI
10
24.0000
20
127.6250
30
0.0
0
SEQEND
8
GRAVIROVANI
0
POLYLINE
8
GRAVIROVANI
10
0.0
20
0.0
30
0.0
66
1
70
1
0
VERTEX
8
GRAVIROVANI
10
24.0000
20
166.3750
30
0.0
0
VERTEX
8
GRAVIROVANI
10
31.0000
20
166.3750
30
0.0
0
VERTEX
8
GRAVIROVANI
10
31.0000
20
166.6250
30
0.0
0
VERTEX
8
GRAVIROVANI
10
24.0000
20
166.6250
30
0.0
0
SEQEND
8
GRAVIROVANI
0
POLYLINE
8
GRAVIROVANI
10
0.0
20
0.0
30
0.0
66
1
70
1
0
VERTEX
8
GRAVIROVANI
10
17.5800
20
167.6750
30
0.0
0
VERTEX
8
GRAVIROVANI
10
19.1400
20
167.6750
30
0.0
0
VERTEX
8
GRAVIROVANI
10
19.1400
20
167.9250
30
0.0
0
VERTEX
8
GRAVIROVANI
10
17.5800
20
167.9250
30
0.0
0
SEQEND
8
GRAVIROVANI
0
POLYLINE
8
GRAVIROVANI
10
0.0
20
0.0
30
0.0
66
1
70
1
0
VERTEX
8
GRAVIROVANI
10
19.0150
20
167.8000
30
0.0
0
VERTEX
8
GRAVIROVANI
10
19.0150
20
166.5000
30
0.0
0
VERTEX
8
GRAVIROVANI
10
19.2650
20
166.5000
30
0.0
0
VERTEX
8
GRAVIROVANI
10
19.2650
20
167.8000
30
0.0
0
SEQEND
8
GRAVIROVANI
0
POLYLINE
8
GRAVIROVANI
10
0.0
20
0.0
30
0.0
66
1
70
1
0
VERTEX
8
GRAVIROVANI
10
17.5800
20
166.3750
30
0.0
0
VERTEX
8
GRAVIROVANI
10
19.1400
20
166.3750
30
0.0
0
VERTEX
8
GRAVIROVANI
10
19.1400
20
166.6250
30
0.0
0
VERTEX
8
GRAVIROVANI
10
17.5800
20
166.6250
30
0.0
0
SEQEND
8
GRAVIROVANI
0
POLYLINE
8
GRAVIROVANI
10
0.0
20
0.0
30
0.0
66
1
70
1
0
VERTEX
8
GRAVIROVANI
10
17.4550
20
166.5000
30
0.0
0
VERTEX
8
GRAVIROVANI
10
17.4550
20
165.2000
30
0.0
0
VERTEX
8
GRAVIROVANI
10
17.7050
20
165.2000
30
0.0
0
VERTEX
8
GRAVIROVANI
10
17.7050
20
166.5000
30
0.0
0
SEQEND
8
GRAVIROVANI
0
POLYLINE
8
GRAVIROVANI
10
0.0
20
0.0
30
0.0
66
1
70
1
0
VERTEX
8
GRAVIROVANI
10
17.5800
20
165.0750
30
0.0
0
VERTEX
8
GRAVIROVANI
10
19.1400
20
165.0750
30
0.0
0
VERTEX
8
GRAVIROVANI
10
19.1400
20
165.3250
30
0.0
0
VERTEX
8
GRAVIROVANI
10
17.5800
20
165.3250
30
0.0
0
SEQEND
8
GRAVIROVANI
0
POLYLINE
8
GRAVIROVANI
10
0.0
20
0.0
30
0.0
66
1
70
1
0
VERTEX
8
GRAVIROVANI
10
19.7900
20
167.6750
30
0.0
0
VERTEX
8
GRAVIROVANI
10
21.3500
20
167.6750
30
0.0
0
VERTEX
8
GRAVIROVANI
10
21.3500
20
167.9250
30
0.0
0
VERTEX
8
GRAVIROVANI
10
19.7900
20
167.9250
30
0.0
0
SEQEND
8
GRAVIROVANI
0
POLYLINE
8
GRAVIROVANI
10
0.0
20
0.0
30
0.0
66
1
70
1
0
VERTEX
8
GRAVIROVANI
10
19.6650
20
167.8000
30
0.0
0
VERTEX
8
GRAVIROVANI
10
19.6650
20
166.5000
30
0.0
0
VERTEX
8
GRAVIROVANI
10
19.9150
20
166.5000
30
0.0
0
VERTEX
8
GRAVIROVANI
10
19.9150
20
167.8000
30
0.0
0
SEQEND
8
GRAVIROVANI
0
POLYLINE
8
GRAVIROVANI
10
0.0
20
0.0
30
0.0
66
1
70
1
0
VERTEX
8
GRAVIROVANI
10
21.2250
20
167.8000
30
0.0
0
VERTEX
8
GRAVIROVANI
10
21.2250
20
166.5000
30
0.0
0
VERTEX
8
GRAVIROVANI
10
21.4750
20
166.5000
30
0.0
0
VERTEX
8
GRAVIROVANI
10
21.4750
20
167.8000
30
0.0
0
SEQEND
8
GRAVIROVANI
0
POLYLINE
8
GRAVIROVANI
10
0.0
20
0.0
30
0.0
66
1
70
1
0
VERTEX
8
GRAVIROVANI
10
19.6650
20
166.5000
30
0.0
0
VERTEX
8
GRAVIROVANI
10
19.6650
20
165.2000
30
0.0
0
VERTEX
8
GRAVIROVANI
10
19.9150
20
165.2000
30
0.0
0
VERTEX
8
GRAVIROVANI
10
19.9150
20
166.5000
30
0.0
0
SEQEND
8
GRAVIROVANI
0
POLYLINE
8
GRAVIROVANI
10
0.0
20
0.0
30
0.0
66
1
70
1
0
VERTEX
8
GRAVIROVANI
10
21.2250
20
166.5000
30
0.0
0
VERTEX
8
GRAVIROVANI
10
21.2250
20
165.2000
30
0.0
0
VERTEX
8
GRAVIROVANI
10
21.4750
20
165.2000
30
0.0
0
VERTEX
8
GRAVIROVANI
10
21.4750
20
166.5000
30
0.0
0
SEQEND
8
GRAVIROVANI
0
POLYLINE
8
GRAVIROVANI
10
0.0
20
0.0
30
0.0
66
1
70
1
0
VERTEX
8
GRAVIROVANI
10
19.7900
20
165.0750
30
0.0
0
VERTEX
8
GRAVIROVANI
10
21.3500
20
165.0750
30
0.0
0
VERTEX
8
GRAVIROVANI
10
21.3500
20
165.3250
30
0.0
0
VERTEX
8
GRAVIROVANI
10
19.7900
20
165.3250
30
0.0
0
SEQEND
8
GRAVIROVANI
0
POLYLINE
8
GRAVIROVANI
10
0.0
20
0.0
30
0.0
66
1
70
1
0
VERTEX
8
GRAVIROVANI
10
24.0000
20
126.3750
30
0.0
0
VERTEX
8
GRAVIROVANI
10
31.0000
20
126.3750
30
0.0
0
VERTEX
8
GRAVIROVANI
10
31.0000
20
126.6250
30
0.0
0
VERTEX
8
GRAVIROVANI
10
24.0000
20
126.6250
30
0.0
0
SEQEND
8
GRAVIROVANI
0
POLYLINE
8
GRAVIROVANI
10
0.0
20
0.0
30
0.0
66
1
70
1
0
VERTEX
8
GRAVIROVANI
10
17.5800
20
127.6750
30
0.0
0
VERTEX
8
GRAVIROVANI
10
19.1400
20
127.6750
30
0.0
0
VERTEX
8
GRAVIROVANI
10
19.1400
20
127.9250
30
0.0
0
VERTEX
8
GRAVIROVANI
10
17.5800
20
127.9250
30
0.0
0
SEQEND
8
GRAVIROVANI
0
POLYLINE
8
GRAVIROVANI
10
0.0
20
0.0
30
0.0
66
1
70
1
0
VERTEX
8
GRAVIROVANI
10
19.0150
20
127.8000
30
0.0
0
VERTEX
8
GRAVIROVANI
10
19.0150
20
126.5000
30
0.0
0
VERTEX
8
GRAVIROVANI
10
19.2650
20
126.5000
30
0.0
0
VERTEX
8
GRAVIROVANI
10
19.2650
20
127.8000
30
0.0
0
SEQEND
8
GRAVIROVANI
0
POLYLINE
8
GRAVIROVANI
10
0.0
20
0.0
30
0.0
66
1
70
1
0
VERTEX
8
GRAVIROVANI
10
17.5800
20
126.3750
30
0.0
0
VERTEX
8
GRAVIROVANI
10
19.1400
20
126.3750
30
0.0
0
VERTEX
8
GRAVIROVANI
10
19.1400
20
126.6250
30
0.0
0
VERTEX
8
GRAVIROVANI
10
17.5800
20
126.6250
30
0.0
0
SEQEND
8
GRAVIROVANI
0
POLYLINE
8
GRAVIROVANI
10
0.0
20
0.0
30
0.0
66
1
70
1
0
VERTEX
8
GRAVIROVANI
10
17.4550
20
126.5000
30
0.0
0
VERTEX
8
GRAVIROVANI
10
17.4550
20
125.2000
30
0.0
0
VERTEX
8
GRAVIROVANI
10
17.7050
20
125.2000
30
0.0
0
VERTEX
8
GRAVIROVANI
10
17.7050
20
126.5000
30
0.0
0
SEQEND
8
GRAVIROVANI
0
POLYLINE
8
GRAVIROVANI
10
0.0
20
0.0
30
0.0
66
1
70
1
0
VERTEX
8
GRAVIROVANI
10
17.5800
20
125.0750
30
0.0
0
VERTEX
8
GRAVIROVANI
10
19.1400
20
125.0750
30
0.0
0
VERTEX
8
GRAVIROVANI
10
19.1400
20
125.3250
30
0.0
0
VERTEX
8
GRAVIROVANI
10
17.5800
20
125.3250
30
0.0
0
SEQEND
8
GRAVIROVANI
0
POLYLINE
8
GRAVIROVANI
10
0.0
20
0.0
30
0.0
66
1
70
1
0
VERTEX
8
GRAVIROVANI
10
19.7900
20
127.6750
30
0.0
0
VERTEX
8
GRAVIROVANI
10
21.3500
20
127.6750
30
0.0
0
VERTEX
8
GRAVIROVANI
10
21.3500
20
127.9250
30
0.0
0
VERTEX
8
GRAVIROVANI
10
19.7900
20
127.9250
30
0.0
0
SEQEND
8
GRAVIROVANI
0
POLYLINE
8
GRAVIROVANI
10
0.0
20
0.0
30
0.0
66
1
70
1
0
VERTEX
8
GRAVIROVANI
10
19.6650
20
127.8000
30
0.0
0
VERTEX
8
GRAVIROVANI
10
19.6650
20
126.5000
30
0.0
0
VERTEX
8
GRAVIROVANI
10
19.9150
20
126.5000
30
0.0
0
VERTEX
8
GRAVIROVANI
10
19.9150
20
127.8000
30
0.0
0
SEQEND
8
GRAVIROVANI
0
POLYLINE
8
GRAVIROVANI
10
0.0
20
0.0
30
0.0
66
1
70
1
0
VERTEX
8
GRAVIROVANI
10
21.2250
20
127.8000
30
0.0
0
VERTEX
8
GRAVIROVANI
10
21.2250
20
126.5000
30
0.0
0
VERTEX
8
GRAVIROVANI
10
21.4750
20
126.5000
30
0.0
0
VERTEX
8
GRAVIROVANI
10
21.4750
20
127.8000
30
0.0
0
SEQEND
8
GRAVIROVANI
0
POLYLINE
8
GRAVIROVANI
10
0.0
20
0.0
30
0.0
66
1
70
1
0
VERTEX
8
GRAVIROVANI
10
19.6650
20
126.5000
30
0.0
0
VERTEX
8
GRAVIROVANI
10
19.6650
20
125.2000
30
0.0
0
VERTEX
8
GRAVIROVANI
10
19.9150
20
125.2000
30
0.0
0
VERTEX
8
GRAVIROVANI
10
19.9150
20
126.5000
30
0.0
0
SEQEND
8
GRAVIROVANI
0
POLYLINE
8
GRAVIROVANI
10
0.0
20
0.0
30
0.0
66
1
70
1
0
VERTEX
8
GRAVIROVANI
10
21.2250
20
126.5000
30
0.0
0
VERTEX
8
GRAVIROVANI
10
21.2250
20
125.2000
30
0.0
0
VERTEX
8
GRAVIROVANI
10
21.4750
20
125.2000
30
0.0
0
VERTEX
8
GRAVIROVANI
10
21.4750
20
126.5000
30
0.0
0
SEQEND
8
GRAVIROVANI
0
POLYLINE
8
GRAVIROVANI
10
0.0
20
0.0
30
0.0
66
1
70
1
0
VERTEX
8
GRAVIROVANI
10
19.7900
20
125.0750
30
0.0
0
VERTEX
8
GRAVIROVANI
10
21.3500
20
125.0750
30
0.0
0
VERTEX
8
GRAVIROVANI
10
21.3500
20
125.3250
30
0.0
0
VERTEX
8
GRAVIROVANI
10
19.7900
20
125.3250
30
0.0
0
SEQEND
8
GRAVIROVANI
0
POLYLINE
8
GRAVIROVANI
10
0.0
20
0.0
30
0.0
66
1
70
1
0
VERTEX
8
GRAVIROVANI
10
24.0000
20
167.3750
30
0.0
0
VERTEX
8
GRAVIROVANI
10
26.0000
20
167.3750
30
0.0
0
VERTEX
8
GRAVIROVANI
10
26.0000
20
167.6250
30
0.0
0
VERTEX
8
GRAVIROVANI
10
24.0000
20
167.6250
30
0.0
0
SEQEND
8
GRAVIROVANI
0
POLYLINE
8
GRAVIROVANI
10
0.0
20
0.0
30
0.0
66
1
70
1
0
VERTEX
8
GRAVIROVANI
10
24.0000
20
125.3750
30
0.0
0
VERTEX
8
GRAVIROVANI
10
26.0000
20
125.3750
30
0.0
0
VERTEX
8
GRAVIROVANI
10
26.0000
20
125.6250
30
0.0
0
VERTEX
8
GRAVIROVANI
10
24.0000
20
125.6250
30
0.0
0
SEQEND
8
GRAVIROVANI
0
POLYLINE
8
GRAVIROVANI
10
0.0
20
0.0
30
0.0
66
1
70
1
0
VERTEX
8
GRAVIROVANI
10
24.0000
20
168.3750
30
0.0
0
VERTEX
8
GRAVIROVANI
10
26.0000
20
168.3750
30
0.0
0
VERTEX
8
GRAVIROVANI
10
26.0000
20
168.6250
30
0.0
0
VERTEX
8
GRAVIROVANI
10
24.0000
20
168.6250
30
0.0
0
SEQEND
8
GRAVIROVANI
0
POLYLINE
8
GRAVIROVANI
10
0.0
20
0.0
30
0.0
66
1
70
1
0
VERTEX
8
GRAVIROVANI
10
24.0000
20
124.3750
30
0.0
0
VERTEX
8
GRAVIROVANI
10
26.0000
20
124.3750
30
0.0
0
VERTEX
8
GRAVIROVANI
10
26.0000
20
124.6250
30
0.0
0
VERTEX
8
GRAVIROVANI
10
24.0000
20
124.6250
30
0.0
0
SEQEND
8
GRAVIROVANI
0
POLYLINE
8
GRAVIROVANI
10
0.0
20
0.0
30
0.0
66
1
70
1
0
VERTEX
8
GRAVIROVANI
10
24.0000
20
169.3750
30
0.0
0
VERTEX
8
GRAVIROVANI
10
26.0000
20
169.3750
30
0.0
0
VERTEX
8
GRAVIROVANI
10
26.0000
20
169.6250
30
0.0
0
VERTEX
8
GRAVIROVANI
10
24.0000
20
169.6250
30
0.0
0
SEQEND
8
GRAVIROVANI
0
POLYLINE
8
GRAVIROVANI
10
0.0
20
0.0
30
0.0
66
1
70
1
0
VERTEX
8
GRAVIROVANI
10
24.0000
20
123.3750
30
0.0
0
VERTEX
8
GRAVIROVANI
10
26.0000
20
123.3750
30
0.0
0
VERTEX
8
GRAVIROVANI
10
26.0000
20
123.6250
30
0.0
0
VERTEX
8
GRAVIROVANI
10
24.0000
20
123.6250
30
0.0
0
SEQEND
8
GRAVIROVANI
0
POLYLINE
8
GRAVIROVANI
10
0.0
20
0.0
30
0.0
66
1
70
1
0
VERTEX
8
GRAVIROVANI
10
24.0000
20
170.3750
30
0.0
0
VERTEX
8
GRAVIROVANI
10
26.0000
20
170.3750
30
0.0
0
VERTEX
8
GRAVIROVANI
10
26.0000
20
170.6250
30
0.0
0
VERTEX
8
GRAVIROVANI
10
24.0000
20
170.6250
30
0.0
0
SEQEND
8
GRAVIROVANI
0
POLYLINE
8
GRAVIROVANI
10
0.0
20
0.0
30
0.0
66
1
70
1
0
VERTEX
8
GRAVIROVANI
10
24.0000
20
122.3750
30
0.0
0
VERTEX
8
GRAVIROVANI
10
26.0000
20
122.3750
30
0.0
0
VERTEX
8
GRAVIROVANI
10
26.0000
20
122.6250
30
0.0
0
VERTEX
8
GRAVIROVANI
10
24.0000
20
122.6250
30
0.0
0
SEQEND
8
GRAVIROVANI
0
POLYLINE
8
GRAVIROVANI
10
0.0
20
0.0
30
0.0
66
1
70
1
0
VERTEX
8
GRAVIROVANI
10
24.0000
20
89.3750
30
0.0
0
VERTEX
8
GRAVIROVANI
10
31.0000
20
89.3750
30
0.0
0
VERTEX
8
GRAVIROVANI
10
31.0000
20
89.6250
30
0.0
0
VERTEX
8
GRAVIROVANI
10
24.0000
20
89.6250
30
0.0
0
SEQEND
8
GRAVIROVANI
0
POLYLINE
8
GRAVIROVANI
10
0.0
20
0.0
30
0.0
66
1
70
1
0
VERTEX
8
GRAVIROVANI
10
24.0000
20
90.3750
30
0.0
0
VERTEX
8
GRAVIROVANI
10
26.0000
20
90.3750
30
0.0
0
VERTEX
8
GRAVIROVANI
10
26.0000
20
90.6250
30
0.0
0
VERTEX
8
GRAVIROVANI
10
24.0000
20
90.6250
30
0.0
0
SEQEND
8
GRAVIROVANI
0
POLYLINE
8
GRAVIROVANI
10
0.0
20
0.0
30
0.0
66
1
70
1
0
VERTEX
8
GRAVIROVANI
10
24.0000
20
88.3750
30
0.0
0
VERTEX
8
GRAVIROVANI
10
26.0000
20
88.3750
30
0.0
0
VERTEX
8
GRAVIROVANI
10
26.0000
20
88.6250
30
0.0
0
VERTEX
8
GRAVIROVANI
10
24.0000
20
88.6250
30
0.0
0
SEQEND
8
GRAVIROVANI
0
POLYLINE
8
GRAVIROVANI
10
0.0
20
0.0
30
0.0
66
1
70
1
0
VERTEX
8
GRAVIROVANI
10
24.0000
20
91.3750
30
0.0
0
VERTEX
8
GRAVIROVANI
10
26.0000
20
91.3750
30
0.0
0
VERTEX
8
GRAVIROVANI
10
26.0000
20
91.6250
30
0.0
0
VERTEX
8
GRAVIROVANI
10
24.0000
20
91.6250
30
0.0
0
SEQEND
8
GRAVIROVANI
0
POLYLINE
8
GRAVIROVANI
10
0.0
20
0.0
30
0.0
66
1
70
1
0
VERTEX
8
GRAVIROVANI
10
24.0000
20
87.3750
30
0.0
0
VERTEX
8
GRAVIROVANI
10
26.0000
20
87.3750
30
0.0
0
VERTEX
8
GRAVIROVANI
10
26.0000
20
87.6250
30
0.0
0
VERTEX
8
GRAVIROVANI
10
24.0000
20
87.6250
30
0.0
0
SEQEND
8
GRAVIROVANI
0
POLYLINE
8
GRAVIROVANI
10
0.0
20
0.0
30
0.0
66
1
70
1
0
VERTEX
8
GRAVIROVANI
10
24.0000
20
92.3750
30
0.0
0
VERTEX
8
GRAVIROVANI
10
26.0000
20
92.3750
30
0.0
0
VERTEX
8
GRAVIROVANI
10
26.0000
20
92.6250
30
0.0
0
VERTEX
8
GRAVIROVANI
10
24.0000
20
92.6250
30
0.0
0
SEQEND
8
GRAVIROVANI
0
POLYLINE
8
GRAVIROVANI
10
0.0
20
0.0
30
0.0
66
1
70
1
0
VERTEX
8
GRAVIROVANI
10
24.0000
20
86.3750
30
0.0
0
VERTEX
8
GRAVIROVANI
10
26.0000
20
86.3750
30
0.0
0
VERTEX
8
GRAVIROVANI
10
26.0000
20
86.6250
30
0.0
0
VERTEX
8
GRAVIROVANI
10
24.0000
20
86.6250
30
0.0
0
SEQEND
8
GRAVIROVANI
0
POLYLINE
8
GRAVIROVANI
10
0.0
20
0.0
30
0.0
66
1
70
1
0
VERTEX
8
GRAVIROVANI
10
24.0000
20
93.3750
30
0.0
0
VERTEX
8
GRAVIROVANI
10
26.0000
20
93.3750
30
0.0
0
VERTEX
8
GRAVIROVANI
10
26.0000
20
93.6250
30
0.0
0
VERTEX
8
GRAVIROVANI
10
24.0000
20
93.6250
30
0.0
0
SEQEND
8
GRAVIROVANI
0
POLYLINE
8
GRAVIROVANI
10
0.0
20
0.0
30
0.0
66
1
70
1
0
VERTEX
8
GRAVIROVANI
10
24.0000
20
85.3750
30
0.0
0
VERTEX
8
GRAVIROVANI
10
26.0000
20
85.3750
30
0.0
0
VERTEX
8
GRAVIROVANI
10
26.0000
20
85.6250
30
0.0
0
VERTEX
8
GRAVIROVANI
10
24.0000
20
85.6250
30
0.0
0
SEQEND
8
GRAVIROVANI
0
POLYLINE
8
GRAVIROVANI
10
0.0
20
0.0
30
0.0
66
1
70
1
0
VERTEX
8
GRAVIROVANI
10
24.0000
20
94.3750
30
0.0
0
VERTEX
8
GRAVIROVANI
10
28.0000
20
94.3750
30
0.0
0
VERTEX
8
GRAVIROVANI
10
28.0000
20
94.6250
30
0.0
0
VERTEX
8
GRAVIROVANI
10
24.0000
20
94.6250
30
0.0
0
SEQEND
8
GRAVIROVANI
0
POLYLINE
8
GRAVIROVANI
10
0.0
20
0.0
30
0.0
66
1
70
1
0
VERTEX
8
GRAVIROVANI
10
24.0000
20
84.3750
30
0.0
0
VERTEX
8
GRAVIROVANI
10
28.0000
20
84.3750
30
0.0
0
VERTEX
8
GRAVIROVANI
10
28.0000
20
84.6250
30
0.0
0
VERTEX
8
GRAVIROVANI
10
24.0000
20
84.6250
30
0.0
0
SEQEND
8
GRAVIROVANI
0
POLYLINE
8
GRAVIROVANI
10
0.0
20
0.0
30
0.0
66
1
70
1
0
VERTEX
8
GRAVIROVANI
10
24.0000
20
95.3750
30
0.0
0
VERTEX
8
GRAVIROVANI
10
26.0000
20
95.3750
30
0.0
0
VERTEX
8
GRAVIROVANI
10
26.0000
20
95.6250
30
0.0
0
VERTEX
8
GRAVIROVANI
10
24.0000
20
95.6250
30
0.0
0
SEQEND
8
GRAVIROVANI
0
POLYLINE
8
GRAVIROVANI
10
0.0
20
0.0
30
0.0
66
1
70
1
0
VERTEX
8
GRAVIROVANI
10
24.0000
20
83.3750
30
0.0
0
VERTEX
8
GRAVIROVANI
10
26.0000
20
83.3750
30
0.0
0
VERTEX
8
GRAVIROVANI
10
26.0000
20
83.6250
30
0.0
0
VERTEX
8
GRAVIROVANI
10
24.0000
20
83.6250
30
0.0
0
SEQEND
8
GRAVIROVANI
0
POLYLINE
8
GRAVIROVANI
10
0.0
20
0.0
30
0.0
66
1
70
1
0
VERTEX
8
GRAVIROVANI
10
24.0000
20
96.3750
30
0.0
0
VERTEX
8
GRAVIROVANI
10
26.0000
20
96.3750
30
0.0
0
VERTEX
8
GRAVIROVANI
10
26.0000
20
96.6250
30
0.0
0
VERTEX
8
GRAVIROVANI
10
24.0000
20
96.6250
30
0.0
0
SEQEND
8
GRAVIROVANI
0
POLYLINE
8
GRAVIROVANI
10
0.0
20
0.0
30
0.0
66
1
70
1
0
VERTEX
8
GRAVIROVANI
10
24.0000
20
82.3750
30
0.0
0
VERTEX
8
GRAVIROVANI
10
26.0000
20
82.3750
30
0.0
0
VERTEX
8
GRAVIROVANI
10
26.0000
20
82.6250
30
0.0
0
VERTEX
8
GRAVIROVANI
10
24.0000
20
82.6250
30
0.0
0
SEQEND
8
GRAVIROVANI
0
POLYLINE
8
GRAVIROVANI
10
0.0
20
0.0
30
0.0
66
1
70
1
0
VERTEX
8
GRAVIROVANI
10
24.0000
20
97.3750
30
0.0
0
VERTEX
8
GRAVIROVANI
10
26.0000
20
97.3750
30
0.0
0
VERTEX
8
GRAVIROVANI
10
26.0000
20
97.6250
30
0.0
0
VERTEX
8
GRAVIROVANI
10
24.0000
20
97.6250
30
0.0
0
SEQEND
8
GRAVIROVANI
0
POLYLINE
8
GRAVIROVANI
10
0.0
20
0.0
30
0.0
66
1
70
1
0
VERTEX
8
GRAVIROVANI
10
24.0000
20
81.3750
30
0.0
0
VERTEX
8
GRAVIROVANI
10
26.0000
20
81.3750
30
0.0
0
VERTEX
8
GRAVIROVANI
10
26.0000
20
81.6250
30
0.0
0
VERTEX
8
GRAVIROVANI
10
24.0000
20
81.6250
30
0.0
0
SEQEND
8
GRAVIROVANI
0
POLYLINE
8
GRAVIROVANI
10
0.0
20
0.0
30
0.0
66
1
70
1
0
VERTEX
8
GRAVIROVANI
10
24.0000
20
98.3750
30
0.0
0
VERTEX
8
GRAVIROVANI
10
26.0000
20
98.3750
30
0.0
0
VERTEX
8
GRAVIROVANI
10
26.0000
20
98.6250
30
0.0
0
VERTEX
8
GRAVIROVANI
10
24.0000
20
98.6250
30
0.0
0
SEQEND
8
GRAVIROVANI
0
POLYLINE
8
GRAVIROVANI
10
0.0
20
0.0
30
0.0
66
1
70
1
0
VERTEX
8
GRAVIROVANI
10
24.0000
20
80.3750
30
0.0
0
VERTEX
8
GRAVIROVANI
10
26.0000
20
80.3750
30
0.0
0
VERTEX
8
GRAVIROVANI
10
26.0000
20
80.6250
30
0.0
0
VERTEX
8
GRAVIROVANI
10
24.0000
20
80.6250
30
0.0
0
SEQEND
8
GRAVIROVANI
0
POLYLINE
8
GRAVIROVANI
10
0.0
20
0.0
30
0.0
66
1
70
1
0
VERTEX
8
GRAVIROVANI
10
24.0000
20
99.3750
30
0.0
0
VERTEX
8
GRAVIROVANI
10
31.0000
20
99.3750
30
0.0
0
VERTEX
8
GRAVIROVANI
10
31.0000
20
99.6250
30
0.0
0
VERTEX
8
GRAVIROVANI
10
24.0000
20
99.6250
30
0.0
0
SEQEND
8
GRAVIROVANI
0
POLYLINE
8
GRAVIROVANI
10
0.0
20
0.0
30
0.0
66
1
70
1
0
VERTEX
8
GRAVIROVANI
10
19.0150
20
100.8000
30
0.0
0
VERTEX
8
GRAVIROVANI
10
19.0150
20
99.5000
30
0.0
0
VERTEX
8
GRAVIROVANI
10
19.2650
20
99.5000
30
0.0
0
VERTEX
8
GRAVIROVANI
10
19.2650
20
100.8000
30
0.0
0
SEQEND
8
GRAVIROVANI
0
POLYLINE
8
GRAVIROVANI
10
0.0
20
0.0
30
0.0
66
1
70
1
0
VERTEX
8
GRAVIROVANI
10
19.0150
20
99.5000
30
0.0
0
VERTEX
8
GRAVIROVANI
10
19.0150
20
98.2000
30
0.0
0
VERTEX
8
GRAVIROVANI
10
19.2650
20
98.2000
30
0.0
0
VERTEX
8
GRAVIROVANI
10
19.2650
20
99.5000
30
0.0
0
SEQEND
8
GRAVIROVANI
0
POLYLINE
8
GRAVIROVANI
10
0.0
20
0.0
30
0.0
66
1
70
1
0
VERTEX
8
GRAVIROVANI
10
19.7900
20
100.6750
30
0.0
0
VERTEX
8
GRAVIROVANI
10
21.3500
20
100.6750
30
0.0
0
VERTEX
8
GRAVIROVANI
10
21.3500
20
100.9250
30
0.0
0
VERTEX
8
GRAVIROVANI
10
19.7900
20
100.9250
30
0.0
0
SEQEND
8
GRAVIROVANI
0
POLYLINE
8
GRAVIROVANI
10
0.0
20
0.0
30
0.0
66
1
70
1
0
VERTEX
8
GRAVIROVANI
10
19.6650
20
100.8000
30
0.0
0
VERTEX
8
GRAVIROVANI
10
19.6650
20
99.5000
30
0.0
0
VERTEX
8
GRAVIROVANI
10
19.9150
20
99.5000
30
0.0
0
VERTEX
8
GRAVIROVANI
10
19.9150
20
100.8000
30
0.0
0
SEQEND
8
GRAVIROVANI
0
POLYLINE
8
GRAVIROVANI
10
0.0
20
0.0
30
0.0
66
1
70
1
0
VERTEX
8
GRAVIROVANI
10
21.2250
20
100.8000
30
0.0
0
VERTEX
8
GRAVIROVANI
10
21.2250
20
99.5000
30
0.0
0
VERTEX
8
GRAVIROVANI
10
21.4750
20
99.5000
30
0.0
0
VERTEX
8
GRAVIROVANI
10
21.4750
20
100.8000
30
0.0
0
SEQEND
8
GRAVIROVANI
0
POLYLINE
8
GRAVIROVANI
10
0.0
20
0.0
30
0.0
66
1
70
1
0
VERTEX
8
GRAVIROVANI
10
19.6650
20
99.5000
30
0.0
0
VERTEX
8
GRAVIROVANI
10
19.6650
20
98.2000
30
0.0
0
VERTEX
8
GRAVIROVANI
10
19.9150
20
98.2000
30
0.0
0
VERTEX
8
GRAVIROVANI
10
19.9150
20
99.5000
30
0.0
0
SEQEND
8
GRAVIROVANI
0
POLYLINE
8
GRAVIROVANI
10
0.0
20
0.0
30
0.0
66
1
70
1
0
VERTEX
8
GRAVIROVANI
10
21.2250
20
99.5000
30
0.0
0
VERTEX
8
GRAVIROVANI
10
21.2250
20
98.2000
30
0.0
0
VERTEX
8
GRAVIROVANI
10
21.4750
20
98.2000
30
0.0
0
VERTEX
8
GRAVIROVANI
10
21.4750
20
99.5000
30
0.0
0
SEQEND
8
GRAVIROVANI
0
POLYLINE
8
GRAVIROVANI
10
0.0
20
0.0
30
0.0
66
1
70
1
0
VERTEX
8
GRAVIROVANI
10
19.7900
20
98.0750
30
0.0
0
VERTEX
8
GRAVIROVANI
10
21.3500
20
98.0750
30
0.0
0
VERTEX
8
GRAVIROVANI
10
21.3500
20
98.3250
30
0.0
0
VERTEX
8
GRAVIROVANI
10
19.7900
20
98.3250
30
0.0
0
SEQEND
8
GRAVIROVANI
0
POLYLINE
8
GRAVIROVANI
10
0.0
20
0.0
30
0.0
66
1
70
1
0
VERTEX
8
GRAVIROVANI
10
24.0000
20
79.3750
30
0.0
0
VERTEX
8
GRAVIROVANI
10
31.0000
20
79.3750
30
0.0
0
VERTEX
8
GRAVIROVANI
10
31.0000
20
79.6250
30
0.0
0
VERTEX
8
GRAVIROVANI
10
24.0000
20
79.6250
30
0.0
0
SEQEND
8
GRAVIROVANI
0
POLYLINE
8
GRAVIROVANI
10
0.0
20
0.0
30
0.0
66
1
70
1
0
VERTEX
8
GRAVIROVANI
10
19.0150
20
80.8000
30
0.0
0
VERTEX
8
GRAVIROVANI
10
19.0150
20
79.5000
30
0.0
0
VERTEX
8
GRAVIROVANI
10
19.2650
20
79.5000
30
0.0
0
VERTEX
8
GRAVIROVANI
10
19.2650
20
80.8000
30
0.0
0
SEQEND
8
GRAVIROVANI
0
POLYLINE
8
GRAVIROVANI
10
0.0
20
0.0
30
0.0
66
1
70
1
0
VERTEX
8
GRAVIROVANI
10
19.0150
20
79.5000
30
0.0
0
VERTEX
8
GRAVIROVANI
10
19.0150
20
78.2000
30
0.0
0
VERTEX
8
GRAVIROVANI
10
19.2650
20
78.2000
30
0.0
0
VERTEX
8
GRAVIROVANI
10
19.2650
20
79.5000
30
0.0
0
SEQEND
8
GRAVIROVANI
0
POLYLINE
8
GRAVIROVANI
10
0.0
20
0.0
30
0.0
66
1
70
1
0
VERTEX
8
GRAVIROVANI
10
19.7900
20
80.6750
30
0.0
0
VERTEX
8
GRAVIROVANI
10
21.3500
20
80.6750
30
0.0
0
VERTEX
8
GRAVIROVANI
10
21.3500
20
80.9250
30
0.0
0
VERTEX
8
GRAVIROVANI
10
19.7900
20
80.9250
30
0.0
0
SEQEND
8
GRAVIROVANI
0
POLYLINE
8
GRAVIROVANI
10
0.0
20
0.0
30
0.0
66
1
70
1
0
VERTEX
8
GRAVIROVANI
10
19.6650
20
80.8000
30
0.0
0
VERTEX
8
GRAVIROVANI
10
19.6650
20
79.5000
30
0.0
0
VERTEX
8
GRAVIROVANI
10
19.9150
20
79.5000
30
0.0
0
VERTEX
8
GRAVIROVANI
10
19.9150
20
80.8000
30
0.0
0
SEQEND
8
GRAVIROVANI
0
POLYLINE
8
GRAVIROVANI
10
0.0
20
0.0
30
0.0
66
1
70
1
0
VERTEX
8
GRAVIROVANI
10
21.2250
20
80.8000
30
0.0
0
VERTEX
8
GRAVIROVANI
10
21.2250
20
79.5000
30
0.0
0
VERTEX
8
GRAVIROVANI
10
21.4750
20
79.5000
30
0.0
0
VERTEX
8
GRAVIROVANI
10
21.4750
20
80.8000
30
0.0
0
SEQEND
8
GRAVIROVANI
0
POLYLINE
8
GRAVIROVANI
10
0.0
20
0.0
30
0.0
66
1
70
1
0
VERTEX
8
GRAVIROVANI
10
19.6650
20
79.5000
30
0.0
0
VERTEX
8
GRAVIROVANI
10
19.6650
20
78.2000
30
0.0
0
VERTEX
8
GRAVIROVANI
10
19.9150
20
78.2000
30
0.0
0
VERTEX
8
GRAVIROVANI
10
19.9150
20
79.5000
30
0.0
0
SEQEND
8
GRAVIROVANI
0
POLYLINE
8
GRAVIROVANI
10
0.0
20
0.0
30
0.0
66
1
70
1
0
VERTEX
8
GRAVIROVANI
10
21.2250
20
79.5000
30
0.0
0
VERTEX
8
GRAVIROVANI
10
21.2250
20
78.2000
30
0.0
0
VERTEX
8
GRAVIROVANI
10
21.4750
20
78.2000
30
0.0
0
VERTEX
8
GRAVIROVANI
10
21.4750
20
79.5000
30
0.0
0
SEQEND
8
GRAVIROVANI
0
POLYLINE
8
GRAVIROVANI
10
0.0
20
0.0
30
0.0
66
1
70
1
0
VERTEX
8
GRAVIROVANI
10
19.7900
20
78.0750
30
0.0
0
VERTEX
8
GRAVIROVANI
10
21.3500
20
78.0750
30
0.0
0
VERTEX
8
GRAVIROVANI
10
21.3500
20
78.3250
30
0.0
0
VERTEX
8
GRAVIROVANI
10
19.7900
20
78.3250
30
0.0
0
SEQEND
8
GRAVIROVANI
0
POLYLINE
8
GRAVIROVANI
10
0.0
20
0.0
30
0.0
66
1
70
1
0
VERTEX
8
GRAVIROVANI
10
24.0000
20
100.3750
30
0.0
0
VERTEX
8
GRAVIROVANI
10
26.0000
20
100.3750
30
0.0
0
VERTEX
8
GRAVIROVANI
10
26.0000
20
100.6250
30
0.0
0
VERTEX
8
GRAVIROVANI
10
24.0000
20
100.6250
30
0.0
0
SEQEND
8
GRAVIROVANI
0
POLYLINE
8
GRAVIROVANI
10
0.0
20
0.0
30
0.0
66
1
70
1
0
VERTEX
8
GRAVIROVANI
10
24.0000
20
78.3750
30
0.0
0
VERTEX
8
GRAVIROVANI
10
26.0000
20
78.3750
30
0.0
0
VERTEX
8
GRAVIROVANI
10
26.0000
20
78.6250
30
0.0
0
VERTEX
8
GRAVIROVANI
10
24.0000
20
78.6250
30
0.0
0
SEQEND
8
GRAVIROVANI
0
POLYLINE
8
GRAVIROVANI
10
0.0
20
0.0
30
0.0
66
1
70
1
0
VERTEX
8
GRAVIROVANI
10
24.0000
20
101.3750
30
0.0
0
VERTEX
8
GRAVIROVANI
10
26.0000
20
101.3750
30
0.0
0
VERTEX
8
GRAVIROVANI
10
26.0000
20
101.6250
30
0.0
0
VERTEX
8
GRAVIROVANI
10
24.0000
20
101.6250
30
0.0
0
SEQEND
8
GRAVIROVANI
0
POLYLINE
8
GRAVIROVANI
10
0.0
20
0.0
30
0.0
66
1
70
1
0
VERTEX
8
GRAVIROVANI
10
24.0000
20
77.3750
30
0.0
0
VERTEX
8
GRAVIROVANI
10
26.0000
20
77.3750
30
0.0
0
VERTEX
8
GRAVIROVANI
10
26.0000
20
77.6250
30
0.0
0
VERTEX
8
GRAVIROVANI
10
24.0000
20
77.6250
30
0.0
0
SEQEND
8
GRAVIROVANI
0
POLYLINE
8
GRAVIROVANI
10
0.0
20
0.0
30
0.0
66
1
70
1
0
VERTEX
8
GRAVIROVANI
10
24.0000
20
102.3750
30
0.0
0
VERTEX
8
GRAVIROVANI
10
26.0000
20
102.3750
30
0.0
0
VERTEX
8
GRAVIROVANI
10
26.0000
20
102.6250
30
0.0
0
VERTEX
8
GRAVIROVANI
10
24.0000
20
102.6250
30
0.0
0
SEQEND
8
GRAVIROVANI
0
POLYLINE
8
GRAVIROVANI
10
0.0
20
0.0
30
0.0
66
1
70
1
0
VERTEX
8
GRAVIROVANI
10
24.0000
20
76.3750
30
0.0
0
VERTEX
8
GRAVIROVANI
10
26.0000
20
76.3750
30
0.0
0
VERTEX
8
GRAVIROVANI
10
26.0000
20
76.6250
30
0.0
0
VERTEX
8
GRAVIROVANI
10
24.0000
20
76.6250
30
0.0
0
SEQEND
8
GRAVIROVANI
0
POLYLINE
8
GRAVIROVANI
10
0.0
20
0.0
30
0.0
66
1
70
1
0
VERTEX
8
GRAVIROVANI
10
24.0000
20
103.3750
30
0.0
0
VERTEX
8
GRAVIROVANI
10
26.0000
20
103.3750
30
0.0
0
VERTEX
8
GRAVIROVANI
10
26.0000
20
103.6250
30
0.0
0
VERTEX
8
GRAVIROVANI
10
24.0000
20
103.6250
30
0.0
0
SEQEND
8
GRAVIROVANI
0
POLYLINE
8
GRAVIROVANI
10
0.0
20
0.0
30
0.0
66
1
70
1
0
VERTEX
8
GRAVIROVANI
10
24.0000
20
75.3750
30
0.0
0
VERTEX
8
GRAVIROVANI
10
26.0000
20
75.3750
30
0.0
0
VERTEX
8
GRAVIROVANI
10
26.0000
20
75.6250
30
0.0
0
VERTEX
8
GRAVIROVANI
10
24.0000
20
75.6250
30
0.0
0
SEQEND
8
GRAVIROVANI
0
POLYLINE
8
GRAVIROVANI
10
0.0
20
0.0
30
0.0
66
1
70
1
0
VERTEX
8
GRAVIROVANI
10
24.0000
20
104.3750
30
0.0
0
VERTEX
8
GRAVIROVANI
10
28.0000
20
104.3750
30
0.0
0
VERTEX
8
GRAVIROVANI
10
28.0000
20
104.6250
30
0.0
0
VERTEX
8
GRAVIROVANI
10
24.0000
20
104.6250
30
0.0
0
SEQEND
8
GRAVIROVANI
0
POLYLINE
8
GRAVIROVANI
10
0.0
20
0.0
30
0.0
66
1
70
1
0
VERTEX
8
GRAVIROVANI
10
24.0000
20
74.3750
30
0.0
0
VERTEX
8
GRAVIROVANI
10
28.0000
20
74.3750
30
0.0
0
VERTEX
8
GRAVIROVANI
10
28.0000
20
74.6250
30
0.0
0
VERTEX
8
GRAVIROVANI
10
24.0000
20
74.6250
30
0.0
0
SEQEND
8
GRAVIROVANI
0
POLYLINE
8
GRAVIROVANI
10
0.0
20
0.0
30
0.0
66
1
70
1
0
VERTEX
8
GRAVIROVANI
10
24.0000
20
105.3750
30
0.0
0
VERTEX
8
GRAVIROVANI
10
26.0000
20
105.3750
30
0.0
0
VERTEX
8
GRAVIROVANI
10
26.0000
20
105.6250
30
0.0
0
VERTEX
8
GRAVIROVANI
10
24.0000
20
105.6250
30
0.0
0
SEQEND
8
GRAVIROVANI
0
POLYLINE
8
GRAVIROVANI
10
0.0
20
0.0
30
0.0
66
1
70
1
0
VERTEX
8
GRAVIROVANI
10
24.0000
20
73.3750
30
0.0
0
VERTEX
8
GRAVIROVANI
10
26.0000
20
73.3750
30
0.0
0
VERTEX
8
GRAVIROVANI
10
26.0000
20
73.6250
30
0.0
0
VERTEX
8
GRAVIROVANI
10
24.0000
20
73.6250
30
0.0
0
SEQEND
8
GRAVIROVANI
0
POLYLINE
8
GRAVIROVANI
10
0.0
20
0.0
30
0.0
66
1
70
1
0
VERTEX
8
GRAVIROVANI
10
24.0000
20
106.3750
30
0.0
0
VERTEX
8
GRAVIROVANI
10
26.0000
20
106.3750
30
0.0
0
VERTEX
8
GRAVIROVANI
10
26.0000
20
106.6250
30
0.0
0
VERTEX
8
GRAVIROVANI
10
24.0000
20
106.6250
30
0.0
0
SEQEND
8
GRAVIROVANI
0
POLYLINE
8
GRAVIROVANI
10
0.0
20
0.0
30
0.0
66
1
70
1
0
VERTEX
8
GRAVIROVANI
10
24.0000
20
72.3750
30
0.0
0
VERTEX
8
GRAVIROVANI
10
26.0000
20
72.3750
30
0.0
0
VERTEX
8
GRAVIROVANI
10
26.0000
20
72.6250
30
0.0
0
VERTEX
8
GRAVIROVANI
10
24.0000
20
72.6250
30
0.0
0
SEQEND
8
GRAVIROVANI
0
POLYLINE
8
GRAVIROVANI
10
0.0
20
0.0
30
0.0
66
1
70
1
0
VERTEX
8
GRAVIROVANI
10
24.0000
20
107.3750
30
0.0
0
VERTEX
8
GRAVIROVANI
10
26.0000
20
107.3750
30
0.0
0
VERTEX
8
GRAVIROVANI
10
26.0000
20
107.6250
30
0.0
0
VERTEX
8
GRAVIROVANI
10
24.0000
20
107.6250
30
0.0
0
SEQEND
8
GRAVIROVANI
0
POLYLINE
8
GRAVIROVANI
10
0.0
20
0.0
30
0.0
66
1
70
1
0
VERTEX
8
GRAVIROVANI
10
24.0000
20
71.3750
30
0.0
0
VERTEX
8
GRAVIROVANI
10
26.0000
20
71.3750
30
0.0
0
VERTEX
8
GRAVIROVANI
10
26.0000
20
71.6250
30
0.0
0
VERTEX
8
GRAVIROVANI
10
24.0000
20
71.6250
30
0.0
0
SEQEND
8
GRAVIROVANI
0
POLYLINE
8
GRAVIROVANI
10
0.0
20
0.0
30
0.0
66
1
70
1
0
VERTEX
8
GRAVIROVANI
10
24.0000
20
108.3750
30
0.0
0
VERTEX
8
GRAVIROVANI
10
26.0000
20
108.3750
30
0.0
0
VERTEX
8
GRAVIROVANI
10
26.0000
20
108.6250
30
0.0
0
VERTEX
8
GRAVIROVANI
10
24.0000
20
108.6250
30
0.0
0
SEQEND
8
GRAVIROVANI
0
POLYLINE
8
GRAVIROVANI
10
0.0
20
0.0
30
0.0
66
1
70
1
0
VERTEX
8
GRAVIROVANI
10
24.0000
20
70.3750
30
0.0
0
VERTEX
8
GRAVIROVANI
10
26.0000
20
70.3750
30
0.0
0
VERTEX
8
GRAVIROVANI
10
26.0000
20
70.6250
30
0.0
0
VERTEX
8
GRAVIROVANI
10
24.0000
20
70.6250
30
0.0
0
SEQEND
8
GRAVIROVANI
0
POLYLINE
8
GRAVIROVANI
10
0.0
20
0.0
30
0.0
66
1
70
1
0
VERTEX
8
GRAVIROVANI
10
24.0000
20
109.3750
30
0.0
0
VERTEX
8
GRAVIROVANI
10
31.0000
20
109.3750
30
0.0
0
VERTEX
8
GRAVIROVANI
10
31.0000
20
109.6250
30
0.0
0
VERTEX
8
GRAVIROVANI
10
24.0000
20
109.6250
30
0.0
0
SEQEND
8
GRAVIROVANI
0
POLYLINE
8
GRAVIROVANI
10
0.0
20
0.0
30
0.0
66
1
70
1
0
VERTEX
8
GRAVIROVANI
10
17.5800
20
110.6750
30
0.0
0
VERTEX
8
GRAVIROVANI
10
19.1400
20
110.6750
30
0.0
0
VERTEX
8
GRAVIROVANI
10
19.1400
20
110.9250
30
0.0
0
VERTEX
8
GRAVIROVANI
10
17.5800
20
110.9250
30
0.0
0
SEQEND
8
GRAVIROVANI
0
POLYLINE
8
GRAVIROVANI
10
0.0
20
0.0
30
0.0
66
1
70
1
0
VERTEX
8
GRAVIROVANI
10
19.0150
20
110.8000
30
0.0
0
VERTEX
8
GRAVIROVANI
10
19.0150
20
109.5000
30
0.0
0
VERTEX
8
GRAVIROVANI
10
19.2650
20
109.5000
30
0.0
0
VERTEX
8
GRAVIROVANI
10
19.2650
20
110.8000
30
0.0
0
SEQEND
8
GRAVIROVANI
0
POLYLINE
8
GRAVIROVANI
10
0.0
20
0.0
30
0.0
66
1
70
1
0
VERTEX
8
GRAVIROVANI
10
17.5800
20
109.3750
30
0.0
0
VERTEX
8
GRAVIROVANI
10
19.1400
20
109.3750
30
0.0
0
VERTEX
8
GRAVIROVANI
10
19.1400
20
109.6250
30
0.0
0
VERTEX
8
GRAVIROVANI
10
17.5800
20
109.6250
30
0.0
0
SEQEND
8
GRAVIROVANI
0
POLYLINE
8
GRAVIROVANI
10
0.0
20
0.0
30
0.0
66
1
70
1
0
VERTEX
8
GRAVIROVANI
10
17.4550
20
109.5000
30
0.0
0
VERTEX
8
GRAVIROVANI
10
17.4550
20
108.2000
30
0.0
0
VERTEX
8
GRAVIROVANI
10
17.7050
20
108.2000
30
0.0
0
VERTEX
8
GRAVIROVANI
10
17.7050
20
109.5000
30
0.0
0
SEQEND
8
GRAVIROVANI
0
POLYLINE
8
GRAVIROVANI
10
0.0
20
0.0
30
0.0
66
1
70
1
0
VERTEX
8
GRAVIROVANI
10
17.5800
20
108.0750
30
0.0
0
VERTEX
8
GRAVIROVANI
10
19.1400
20
108.0750
30
0.0
0
VERTEX
8
GRAVIROVANI
10
19.1400
20
108.3250
30
0.0
0
VERTEX
8
GRAVIROVANI
10
17.5800
20
108.3250
30
0.0
0
SEQEND
8
GRAVIROVANI
0
POLYLINE
8
GRAVIROVANI
10
0.0
20
0.0
30
0.0
66
1
70
1
0
VERTEX
8
GRAVIROVANI
10
19.7900
20
110.6750
30
0.0
0
VERTEX
8
GRAVIROVANI
10
21.3500
20
110.6750
30
0.0
0
VERTEX
8
GRAVIROVANI
10
21.3500
20
110.9250
30
0.0
0
VERTEX
8
GRAVIROVANI
10
19.7900
20
110.9250
30
0.0
0
SEQEND
8
GRAVIROVANI
0
POLYLINE
8
GRAVIROVANI
10
0.0
20
0.0
30
0.0
66
1
70
1
0
VERTEX
8
GRAVIROVANI
10
19.6650
20
110.8000
30
0.0
0
VERTEX
8
GRAVIROVANI
10
19.6650
20
109.5000
30
0.0
0
VERTEX
8
GRAVIROVANI
10
19.9150
20
109.5000
30
0.0
0
VERTEX
8
GRAVIROVANI
10
19.9150
20
110.8000
30
0.0
0
SEQEND
8
GRAVIROVANI
0
POLYLINE
8
GRAVIROVANI
10
0.0
20
0.0
30
0.0
66
1
70
1
0
VERTEX
8
GRAVIROVANI
10
21.2250
20
110.8000
30
0.0
0
VERTEX
8
GRAVIROVANI
10
21.2250
20
109.5000
30
0.0
0
VERTEX
8
GRAVIROVANI
10
21.4750
20
109.5000
30
0.0
0
VERTEX
8
GRAVIROVANI
10
21.4750
20
110.8000
30
0.0
0
SEQEND
8
GRAVIROVANI
0
POLYLINE
8
GRAVIROVANI
10
0.0
20
0.0
30
0.0
66
1
70
1
0
VERTEX
8
GRAVIROVANI
10
19.6650
20
109.5000
30
0.0
0
VERTEX
8
GRAVIROVANI
10
19.6650
20
108.2000
30
0.0
0
VERTEX
8
GRAVIROVANI
10
19.9150
20
108.2000
30
0.0
0
VERTEX
8
GRAVIROVANI
10
19.9150
20
109.5000
30
0.0
0
SEQEND
8
GRAVIROVANI
0
POLYLINE
8
GRAVIROVANI
10
0.0
20
0.0
30
0.0
66
1
70
1
0
VERTEX
8
GRAVIROVANI
10
21.2250
20
109.5000
30
0.0
0
VERTEX
8
GRAVIROVANI
10
21.2250
20
108.2000
30
0.0
0
VERTEX
8
GRAVIROVANI
10
21.4750
20
108.2000
30
0.0
0
VERTEX
8
GRAVIROVANI
10
21.4750
20
109.5000
30
0.0
0
SEQEND
8
GRAVIROVANI
0
POLYLINE
8
GRAVIROVANI
10
0.0
20
0.0
30
0.0
66
1
70
1
0
VERTEX
8
GRAVIROVANI
10
19.7900
20
108.0750
30
0.0
0
VERTEX
8
GRAVIROVANI
10
21.3500
20
108.0750
30
0.0
0
VERTEX
8
GRAVIROVANI
10
21.3500
20
108.3250
30
0.0
0
VERTEX
8
GRAVIROVANI
10
19.7900
20
108.3250
30
0.0
0
SEQEND
8
GRAVIROVANI
0
POLYLINE
8
GRAVIROVANI
10
0.0
20
0.0
30
0.0
66
1
70
1
0
VERTEX
8
GRAVIROVANI
10
24.0000
20
69.3750
30
0.0
0
VERTEX
8
GRAVIROVANI
10
31.0000
20
69.3750
30
0.0
0
VERTEX
8
GRAVIROVANI
10
31.0000
20
69.6250
30
0.0
0
VERTEX
8
GRAVIROVANI
10
24.0000
20
69.6250
30
0.0
0
SEQEND
8
GRAVIROVANI
0
POLYLINE
8
GRAVIROVANI
10
0.0
20
0.0
30
0.0
66
1
70
1
0
VERTEX
8
GRAVIROVANI
10
17.5800
20
70.6750
30
0.0
0
VERTEX
8
GRAVIROVANI
10
19.1400
20
70.6750
30
0.0
0
VERTEX
8
GRAVIROVANI
10
19.1400
20
70.9250
30
0.0
0
VERTEX
8
GRAVIROVANI
10
17.5800
20
70.9250
30
0.0
0
SEQEND
8
GRAVIROVANI
0
POLYLINE
8
GRAVIROVANI
10
0.0
20
0.0
30
0.0
66
1
70
1
0
VERTEX
8
GRAVIROVANI
10
19.0150
20
70.8000
30
0.0
0
VERTEX
8
GRAVIROVANI
10
19.0150
20
69.5000
30
0.0
0
VERTEX
8
GRAVIROVANI
10
19.2650
20
69.5000
30
0.0
0
VERTEX
8
GRAVIROVANI
10
19.2650
20
70.8000
30
0.0
0
SEQEND
8
GRAVIROVANI
0
POLYLINE
8
GRAVIROVANI
10
0.0
20
0.0
30
0.0
66
1
70
1
0
VERTEX
8
GRAVIROVANI
10
17.5800
20
69.3750
30
0.0
0
VERTEX
8
GRAVIROVANI
10
19.1400
20
69.3750
30
0.0
0
VERTEX
8
GRAVIROVANI
10
19.1400
20
69.6250
30
0.0
0
VERTEX
8
GRAVIROVANI
10
17.5800
20
69.6250
30
0.0
0
SEQEND
8
GRAVIROVANI
0
POLYLINE
8
GRAVIROVANI
10
0.0
20
0.0
30
0.0
66
1
70
1
0
VERTEX
8
GRAVIROVANI
10
17.4550
20
69.5000
30
0.0
0
VERTEX
8
GRAVIROVANI
10
17.4550
20
68.2000
30
0.0
0
VERTEX
8
GRAVIROVANI
10
17.7050
20
68.2000
30
0.0
0
VERTEX
8
GRAVIROVANI
10
17.7050
20
69.5000
30
0.0
0
SEQEND
8
GRAVIROVANI
0
POLYLINE
8
GRAVIROVANI
10
0.0
20
0.0
30
0.0
66
1
70
1
0
VERTEX
8
GRAVIROVANI
10
17.5800
20
68.0750
30
0.0
0
VERTEX
8
GRAVIROVANI
10
19.1400
20
68.0750
30
0.0
0
VERTEX
8
GRAVIROVANI
10
19.1400
20
68.3250
30
0.0
0
VERTEX
8
GRAVIROVANI
10
17.5800
20
68.3250
30
0.0
0
SEQEND
8
GRAVIROVANI
0
POLYLINE
8
GRAVIROVANI
10
0.0
20
0.0
30
0.0
66
1
70
1
0
VERTEX
8
GRAVIROVANI
10
19.7900
20
70.6750
30
0.0
0
VERTEX
8
GRAVIROVANI
10
21.3500
20
70.6750
30
0.0
0
VERTEX
8
GRAVIROVANI
10
21.3500
20
70.9250
30
0.0
0
VERTEX
8
GRAVIROVANI
10
19.7900
20
70.9250
30
0.0
0
SEQEND
8
GRAVIROVANI
0
POLYLINE
8
GRAVIROVANI
10
0.0
20
0.0
30
0.0
66
1
70
1
0
VERTEX
8
GRAVIROVANI
10
19.6650
20
70.8000
30
0.0
0
VERTEX
8
GRAVIROVANI
10
19.6650
20
69.5000
30
0.0
0
VERTEX
8
GRAVIROVANI
10
19.9150
20
69.5000
30
0.0
0
VERTEX
8
GRAVIROVANI
10
19.9150
20
70.8000
30
0.0
0
SEQEND
8
GRAVIROVANI
0
POLYLINE
8
GRAVIROVANI
10
0.0
20
0.0
30
0.0
66
1
70
1
0
VERTEX
8
GRAVIROVANI
10
21.2250
20
70.8000
30
0.0
0
VERTEX
8
GRAVIROVANI
10
21.2250
20
69.5000
30
0.0
0
VERTEX
8
GRAVIROVANI
10
21.4750
20
69.5000
30
0.0
0
VERTEX
8
GRAVIROVANI
10
21.4750
20
70.8000
30
0.0
0
SEQEND
8
GRAVIROVANI
0
POLYLINE
8
GRAVIROVANI
10
0.0
20
0.0
30
0.0
66
1
70
1
0
VERTEX
8
GRAVIROVANI
10
19.6650
20
69.5000
30
0.0
0
VERTEX
8
GRAVIROVANI
10
19.6650
20
68.2000
30
0.0
0
VERTEX
8
GRAVIROVANI
10
19.9150
20
68.2000
30
0.0
0
VERTEX
8
GRAVIROVANI
10
19.9150
20
69.5000
30
0.0
0
SEQEND
8
GRAVIROVANI
0
POLYLINE
8
GRAVIROVANI
10
0.0
20
0.0
30
0.0
66
1
70
1
0
VERTEX
8
GRAVIROVANI
10
21.2250
20
69.5000
30
0.0
0
VERTEX
8
GRAVIROVANI
10
21.2250
20
68.2000
30
0.0
0
VERTEX
8
GRAVIROVANI
10
21.4750
20
68.2000
30
0.0
0
VERTEX
8
GRAVIROVANI
10
21.4750
20
69.5000
30
0.0
0
SEQEND
8
GRAVIROVANI
0
POLYLINE
8
GRAVIROVANI
10
0.0
20
0.0
30
0.0
66
1
70
1
0
VERTEX
8
GRAVIROVANI
10
19.7900
20
68.0750
30
0.0
0
VERTEX
8
GRAVIROVANI
10
21.3500
20
68.0750
30
0.0
0
VERTEX
8
GRAVIROVANI
10
21.3500
20
68.3250
30
0.0
0
VERTEX
8
GRAVIROVANI
10
19.7900
20
68.3250
30
0.0
0
SEQEND
8
GRAVIROVANI
0
POLYLINE
8
GRAVIROVANI
10
0.0
20
0.0
30
0.0
66
1
70
1
0
VERTEX
8
GRAVIROVANI
10
24.0000
20
110.3750
30
0.0
0
VERTEX
8
GRAVIROVANI
10
26.0000
20
110.3750
30
0.0
0
VERTEX
8
GRAVIROVANI
10
26.0000
20
110.6250
30
0.0
0
VERTEX
8
GRAVIROVANI
10
24.0000
20
110.6250
30
0.0
0
SEQEND
8
GRAVIROVANI
0
POLYLINE
8
GRAVIROVANI
10
0.0
20
0.0
30
0.0
66
1
70
1
0
VERTEX
8
GRAVIROVANI
10
24.0000
20
68.3750
30
0.0
0
VERTEX
8
GRAVIROVANI
10
26.0000
20
68.3750
30
0.0
0
VERTEX
8
GRAVIROVANI
10
26.0000
20
68.6250
30
0.0
0
VERTEX
8
GRAVIROVANI
10
24.0000
20
68.6250
30
0.0
0
SEQEND
8
GRAVIROVANI
0
POLYLINE
8
GRAVIROVANI
10
0.0
20
0.0
30
0.0
66
1
70
1
0
VERTEX
8
GRAVIROVANI
10
24.0000
20
111.3750
30
0.0
0
VERTEX
8
GRAVIROVANI
10
26.0000
20
111.3750
30
0.0
0
VERTEX
8
GRAVIROVANI
10
26.0000
20
111.6250
30
0.0
0
VERTEX
8
GRAVIROVANI
10
24.0000
20
111.6250
30
0.0
0
SEQEND
8
GRAVIROVANI
0
POLYLINE
8
GRAVIROVANI
10
0.0
20
0.0
30
0.0
66
1
70
1
0
VERTEX
8
GRAVIROVANI
10
24.0000
20
67.3750
30
0.0
0
VERTEX
8
GRAVIROVANI
10
26.0000
20
67.3750
30
0.0
0
VERTEX
8
GRAVIROVANI
10
26.0000
20
67.6250
30
0.0
0
VERTEX
8
GRAVIROVANI
10
24.0000
20
67.6250
30
0.0
0
SEQEND
8
GRAVIROVANI
0
POLYLINE
8
GRAVIROVANI
10
0.0
20
0.0
30
0.0
66
1
70
1
0
VERTEX
8
GRAVIROVANI
10
24.0000
20
112.3750
30
0.0
0
VERTEX
8
GRAVIROVANI
10
26.0000
20
112.3750
30
0.0
0
VERTEX
8
GRAVIROVANI
10
26.0000
20
112.6250
30
0.0
0
VERTEX
8
GRAVIROVANI
10
24.0000
20
112.6250
30
0.0
0
SEQEND
8
GRAVIROVANI
0
POLYLINE
8
GRAVIROVANI
10
0.0
20
0.0
30
0.0
66
1
70
1
0
VERTEX
8
GRAVIROVANI
10
24.0000
20
66.3750
30
0.0
0
VERTEX
8
GRAVIROVANI
10
26.0000
20
66.3750
30
0.0
0
VERTEX
8
GRAVIROVANI
10
26.0000
20
66.6250
30
0.0
0
VERTEX
8
GRAVIROVANI
10
24.0000
20
66.6250
30
0.0
0
SEQEND
8
GRAVIROVANI
0
POLYLINE
8
GRAVIROVANI
10
0.0
20
0.0
30
0.0
66
1
70
1
0
VERTEX
8
GRAVIROVANI
10
24.0000
20
113.3750
30
0.0
0
VERTEX
8
GRAVIROVANI
10
26.0000
20
113.3750
30
0.0
0
VERTEX
8
GRAVIROVANI
10
26.0000
20
113.6250
30
0.0
0
VERTEX
8
GRAVIROVANI
10
24.0000
20
113.6250
30
0.0
0
SEQEND
8
GRAVIROVANI
0
POLYLINE
8
GRAVIROVANI
10
0.0
20
0.0
30
0.0
66
1
70
1
0
VERTEX
8
GRAVIROVANI
10
24.0000
20
65.3750
30
0.0
0
VERTEX
8
GRAVIROVANI
10
26.0000
20
65.3750
30
0.0
0
VERTEX
8
GRAVIROVANI
10
26.0000
20
65.6250
30
0.0
0
VERTEX
8
GRAVIROVANI
10
24.0000
20
65.6250
30
0.0
0
SEQEND
8
GRAVIROVANI
0
POLYLINE
8
GRAVIROVANI
10
0.0
20
0.0
30
0.0
66
1
70
1
0
VERTEX
8
GRAVIROVANI
10
24.0000
20
32.3750
30
0.0
0
VERTEX
8
GRAVIROVANI
10
31.0000
20
32.3750
30
0.0
0
VERTEX
8
GRAVIROVANI
10
31.0000
20
32.6250
30
0.0
0
VERTEX
8
GRAVIROVANI
10
24.0000
20
32.6250
30
0.0
0
SEQEND
8
GRAVIROVANI
0
POLYLINE
8
GRAVIROVANI
10
0.0
20
0.0
30
0.0
66
1
70
1
0
VERTEX
8
GRAVIROVANI
10
24.0000
20
33.3750
30
0.0
0
VERTEX
8
GRAVIROVANI
10
26.0000
20
33.3750
30
0.0
0
VERTEX
8
GRAVIROVANI
10
26.0000
20
33.6250
30
0.0
0
VERTEX
8
GRAVIROVANI
10
24.0000
20
33.6250
30
0.0
0
SEQEND
8
GRAVIROVANI
0
POLYLINE
8
GRAVIROVANI
10
0.0
20
0.0
30
0.0
66
1
70
1
0
VERTEX
8
GRAVIROVANI
10
24.0000
20
31.3750
30
0.0
0
VERTEX
8
GRAVIROVANI
10
26.0000
20
31.3750
30
0.0
0
VERTEX
8
GRAVIROVANI
10
26.0000
20
31.6250
30
0.0
0
VERTEX
8
GRAVIROVANI
10
24.0000
20
31.6250
30
0.0
0
SEQEND
8
GRAVIROVANI
0
POLYLINE
8
GRAVIROVANI
10
0.0
20
0.0
30
0.0
66
1
70
1
0
VERTEX
8
GRAVIROVANI
10
24.0000
20
34.3750
30
0.0
0
VERTEX
8
GRAVIROVANI
10
26.0000
20
34.3750
30
0.0
0
VERTEX
8
GRAVIROVANI
10
26.0000
20
34.6250
30
0.0
0
VERTEX
8
GRAVIROVANI
10
24.0000
20
34.6250
30
0.0
0
SEQEND
8
GRAVIROVANI
0
POLYLINE
8
GRAVIROVANI
10
0.0
20
0.0
30
0.0
66
1
70
1
0
VERTEX
8
GRAVIROVANI
10
24.0000
20
30.3750
30
0.0
0
VERTEX
8
GRAVIROVANI
10
26.0000
20
30.3750
30
0.0
0
VERTEX
8
GRAVIROVANI
10
26.0000
20
30.6250
30
0.0
0
VERTEX
8
GRAVIROVANI
10
24.0000
20
30.6250
30
0.0
0
SEQEND
8
GRAVIROVANI
0
POLYLINE
8
GRAVIROVANI
10
0.0
20
0.0
30
0.0
66
1
70
1
0
VERTEX
8
GRAVIROVANI
10
24.0000
20
35.3750
30
0.0
0
VERTEX
8
GRAVIROVANI
10
26.0000
20
35.3750
30
0.0
0
VERTEX
8
GRAVIROVANI
10
26.0000
20
35.6250
30
0.0
0
VERTEX
8
GRAVIROVANI
10
24.0000
20
35.6250
30
0.0
0
SEQEND
8
GRAVIROVANI
0
POLYLINE
8
GRAVIROVANI
10
0.0
20
0.0
30
0.0
66
1
70
1
0
VERTEX
8
GRAVIROVANI
10
24.0000
20
29.3750
30
0.0
0
VERTEX
8
GRAVIROVANI
10
26.0000
20
29.3750
30
0.0
0
VERTEX
8
GRAVIROVANI
10
26.0000
20
29.6250
30
0.0
0
VERTEX
8
GRAVIROVANI
10
24.0000
20
29.6250
30
0.0
0
SEQEND
8
GRAVIROVANI
0
POLYLINE
8
GRAVIROVANI
10
0.0
20
0.0
30
0.0
66
1
70
1
0
VERTEX
8
GRAVIROVANI
10
24.0000
20
36.3750
30
0.0
0
VERTEX
8
GRAVIROVANI
10
26.0000
20
36.3750
30
0.0
0
VERTEX
8
GRAVIROVANI
10
26.0000
20
36.6250
30
0.0
0
VERTEX
8
GRAVIROVANI
10
24.0000
20
36.6250
30
0.0
0
SEQEND
8
GRAVIROVANI
0
POLYLINE
8
GRAVIROVANI
10
0.0
20
0.0
30
0.0
66
1
70
1
0
VERTEX
8
GRAVIROVANI
10
24.0000
20
28.3750
30
0.0
0
VERTEX
8
GRAVIROVANI
10
26.0000
20
28.3750
30
0.0
0
VERTEX
8
GRAVIROVANI
10
26.0000
20
28.6250
30
0.0
0
VERTEX
8
GRAVIROVANI
10
24.0000
20
28.6250
30
0.0
0
SEQEND
8
GRAVIROVANI
0
POLYLINE
8
GRAVIROVANI
10
0.0
20
0.0
30
0.0
66
1
70
1
0
VERTEX
8
GRAVIROVANI
10
24.0000
20
37.3750
30
0.0
0
VERTEX
8
GRAVIROVANI
10
28.0000
20
37.3750
30
0.0
0
VERTEX
8
GRAVIROVANI
10
28.0000
20
37.6250
30
0.0
0
VERTEX
8
GRAVIROVANI
10
24.0000
20
37.6250
30
0.0
0
SEQEND
8
GRAVIROVANI
0
POLYLINE
8
GRAVIROVANI
10
0.0
20
0.0
30
0.0
66
1
70
1
0
VERTEX
8
GRAVIROVANI
10
24.0000
20
27.3750
30
0.0
0
VERTEX
8
GRAVIROVANI
10
28.0000
20
27.3750
30
0.0
0
VERTEX
8
GRAVIROVANI
10
28.0000
20
27.6250
30
0.0
0
VERTEX
8
GRAVIROVANI
10
24.0000
20
27.6250
30
0.0
0
SEQEND
8
GRAVIROVANI
0
POLYLINE
8
GRAVIROVANI
10
0.0
20
0.0
30
0.0
66
1
70
1
0
VERTEX
8
GRAVIROVANI
10
24.0000
20
38.3750
30
0.0
0
VERTEX
8
GRAVIROVANI
10
26.0000
20
38.3750
30
0.0
0
VERTEX
8
GRAVIROVANI
10
26.0000
20
38.6250
30
0.0
0
VERTEX
8
GRAVIROVANI
10
24.0000
20
38.6250
30
0.0
0
SEQEND
8
GRAVIROVANI
0
POLYLINE
8
GRAVIROVANI
10
0.0
20
0.0
30
0.0
66
1
70
1
0
VERTEX
8
GRAVIROVANI
10
24.0000
20
26.3750
30
0.0
0
VERTEX
8
GRAVIROVANI
10
26.0000
20
26.3750
30
0.0
0
VERTEX
8
GRAVIROVANI
10
26.0000
20
26.6250
30
0.0
0
VERTEX
8
GRAVIROVANI
10
24.0000
20
26.6250
30
0.0
0
SEQEND
8
GRAVIROVANI
0
POLYLINE
8
GRAVIROVANI
10
0.0
20
0.0
30
0.0
66
1
70
1
0
VERTEX
8
GRAVIROVANI
10
24.0000
20
39.3750
30
0.0
0
VERTEX
8
GRAVIROVANI
10
26.0000
20
39.3750
30
0.0
0
VERTEX
8
GRAVIROVANI
10
26.0000
20
39.6250
30
0.0
0
VERTEX
8
GRAVIROVANI
10
24.0000
20
39.6250
30
0.0
0
SEQEND
8
GRAVIROVANI
0
POLYLINE
8
GRAVIROVANI
10
0.0
20
0.0
30
0.0
66
1
70
1
0
VERTEX
8
GRAVIROVANI
10
24.0000
20
25.3750
30
0.0
0
VERTEX
8
GRAVIROVANI
10
26.0000
20
25.3750
30
0.0
0
VERTEX
8
GRAVIROVANI
10
26.0000
20
25.6250
30
0.0
0
VERTEX
8
GRAVIROVANI
10
24.0000
20
25.6250
30
0.0
0
SEQEND
8
GRAVIROVANI
0
POLYLINE
8
GRAVIROVANI
10
0.0
20
0.0
30
0.0
66
1
70
1
0
VERTEX
8
GRAVIROVANI
10
24.0000
20
40.3750
30
0.0
0
VERTEX
8
GRAVIROVANI
10
26.0000
20
40.3750
30
0.0
0
VERTEX
8
GRAVIROVANI
10
26.0000
20
40.6250
30
0.0
0
VERTEX
8
GRAVIROVANI
10
24.0000
20
40.6250
30
0.0
0
SEQEND
8
GRAVIROVANI
0
POLYLINE
8
GRAVIROVANI
10
0.0
20
0.0
30
0.0
66
1
70
1
0
VERTEX
8
GRAVIROVANI
10
24.0000
20
24.3750
30
0.0
0
VERTEX
8
GRAVIROVANI
10
26.0000
20
24.3750
30
0.0
0
VERTEX
8
GRAVIROVANI
10
26.0000
20
24.6250
30
0.0
0
VERTEX
8
GRAVIROVANI
10
24.0000
20
24.6250
30
0.0
0
SEQEND
8
GRAVIROVANI
0
POLYLINE
8
GRAVIROVANI
10
0.0
20
0.0
30
0.0
66
1
70
1
0
VERTEX
8
GRAVIROVANI
10
24.0000
20
41.3750
30
0.0
0
VERTEX
8
GRAVIROVANI
10
26.0000
20
41.3750
30
0.0
0
VERTEX
8
GRAVIROVANI
10
26.0000
20
41.6250
30
0.0
0
VERTEX
8
GRAVIROVANI
10
24.0000
20
41.6250
30
0.0
0
SEQEND
8
GRAVIROVANI
0
POLYLINE
8
GRAVIROVANI
10
0.0
20
0.0
30
0.0
66
1
70
1
0
VERTEX
8
GRAVIROVANI
10
24.0000
20
23.3750
30
0.0
0
VERTEX
8
GRAVIROVANI
10
26.0000
20
23.3750
30
0.0
0
VERTEX
8
GRAVIROVANI
10
26.0000
20
23.6250
30
0.0
0
VERTEX
8
GRAVIROVANI
10
24.0000
20
23.6250
30
0.0
0
SEQEND
8
GRAVIROVANI
0
POLYLINE
8
GRAVIROVANI
10
0.0
20
0.0
30
0.0
66
1
70
1
0
VERTEX
8
GRAVIROVANI
10
24.0000
20
42.3750
30
0.0
0
VERTEX
8
GRAVIROVANI
10
31.0000
20
42.3750
30
0.0
0
VERTEX
8
GRAVIROVANI
10
31.0000
20
42.6250
30
0.0
0
VERTEX
8
GRAVIROVANI
10
24.0000
20
42.6250
30
0.0
0
SEQEND
8
GRAVIROVANI
0
POLYLINE
8
GRAVIROVANI
10
0.0
20
0.0
30
0.0
66
1
70
1
0
VERTEX
8
GRAVIROVANI
10
19.0150
20
43.8000
30
0.0
0
VERTEX
8
GRAVIROVANI
10
19.0150
20
42.5000
30
0.0
0
VERTEX
8
GRAVIROVANI
10
19.2650
20
42.5000
30
0.0
0
VERTEX
8
GRAVIROVANI
10
19.2650
20
43.8000
30
0.0
0
SEQEND
8
GRAVIROVANI
0
POLYLINE
8
GRAVIROVANI
10
0.0
20
0.0
30
0.0
66
1
70
1
0
VERTEX
8
GRAVIROVANI
10
19.0150
20
42.5000
30
0.0
0
VERTEX
8
GRAVIROVANI
10
19.0150
20
41.2000
30
0.0
0
VERTEX
8
GRAVIROVANI
10
19.2650
20
41.2000
30
0.0
0
VERTEX
8
GRAVIROVANI
10
19.2650
20
42.5000
30
0.0
0
SEQEND
8
GRAVIROVANI
0
POLYLINE
8
GRAVIROVANI
10
0.0
20
0.0
30
0.0
66
1
70
1
0
VERTEX
8
GRAVIROVANI
10
19.7900
20
43.6750
30
0.0
0
VERTEX
8
GRAVIROVANI
10
21.3500
20
43.6750
30
0.0
0
VERTEX
8
GRAVIROVANI
10
21.3500
20
43.9250
30
0.0
0
VERTEX
8
GRAVIROVANI
10
19.7900
20
43.9250
30
0.0
0
SEQEND
8
GRAVIROVANI
0
POLYLINE
8
GRAVIROVANI
10
0.0
20
0.0
30
0.0
66
1
70
1
0
VERTEX
8
GRAVIROVANI
10
19.6650
20
43.8000
30
0.0
0
VERTEX
8
GRAVIROVANI
10
19.6650
20
42.5000
30
0.0
0
VERTEX
8
GRAVIROVANI
10
19.9150
20
42.5000
30
0.0
0
VERTEX
8
GRAVIROVANI
10
19.9150
20
43.8000
30
0.0
0
SEQEND
8
GRAVIROVANI
0
POLYLINE
8
GRAVIROVANI
10
0.0
20
0.0
30
0.0
66
1
70
1
0
VERTEX
8
GRAVIROVANI
10
21.2250
20
43.8000
30
0.0
0
VERTEX
8
GRAVIROVANI
10
21.2250
20
42.5000
30
0.0
0
VERTEX
8
GRAVIROVANI
10
21.4750
20
42.5000
30
0.0
0
VERTEX
8
GRAVIROVANI
10
21.4750
20
43.8000
30
0.0
0
SEQEND
8
GRAVIROVANI
0
POLYLINE
8
GRAVIROVANI
10
0.0
20
0.0
30
0.0
66
1
70
1
0
VERTEX
8
GRAVIROVANI
10
19.6650
20
42.5000
30
0.0
0
VERTEX
8
GRAVIROVANI
10
19.6650
20
41.2000
30
0.0
0
VERTEX
8
GRAVIROVANI
10
19.9150
20
41.2000
30
0.0
0
VERTEX
8
GRAVIROVANI
10
19.9150
20
42.5000
30
0.0
0
SEQEND
8
GRAVIROVANI
0
POLYLINE
8
GRAVIROVANI
10
0.0
20
0.0
30
0.0
66
1
70
1
0
VERTEX
8
GRAVIROVANI
10
21.2250
20
42.5000
30
0.0
0
VERTEX
8
GRAVIROVANI
10
21.2250
20
41.2000
30
0.0
0
VERTEX
8
GRAVIROVANI
10
21.4750
20
41.2000
30
0.0
0
VERTEX
8
GRAVIROVANI
10
21.4750
20
42.5000
30
0.0
0
SEQEND
8
GRAVIROVANI
0
POLYLINE
8
GRAVIROVANI
10
0.0
20
0.0
30
0.0
66
1
70
1
0
VERTEX
8
GRAVIROVANI
10
19.7900
20
41.0750
30
0.0
0
VERTEX
8
GRAVIROVANI
10
21.3500
20
41.0750
30
0.0
0
VERTEX
8
GRAVIROVANI
10
21.3500
20
41.3250
30
0.0
0
VERTEX
8
GRAVIROVANI
10
19.7900
20
41.3250
30
0.0
0
SEQEND
8
GRAVIROVANI
0
POLYLINE
8
GRAVIROVANI
10
0.0
20
0.0
30
0.0
66
1
70
1
0
VERTEX
8
GRAVIROVANI
10
24.0000
20
22.3750
30
0.0
0
VERTEX
8
GRAVIROVANI
10
31.0000
20
22.3750
30
0.0
0
VERTEX
8
GRAVIROVANI
10
31.0000
20
22.6250
30
0.0
0
VERTEX
8
GRAVIROVANI
10
24.0000
20
22.6250
30
0.0
0
SEQEND
8
GRAVIROVANI
0
POLYLINE
8
GRAVIROVANI
10
0.0
20
0.0
30
0.0
66
1
70
1
0
VERTEX
8
GRAVIROVANI
10
19.0150
20
23.8000
30
0.0
0
VERTEX
8
GRAVIROVANI
10
19.0150
20
22.5000
30
0.0
0
VERTEX
8
GRAVIROVANI
10
19.2650
20
22.5000
30
0.0
0
VERTEX
8
GRAVIROVANI
10
19.2650
20
23.8000
30
0.0
0
SEQEND
8
GRAVIROVANI
0
POLYLINE
8
GRAVIROVANI
10
0.0
20
0.0
30
0.0
66
1
70
1
0
VERTEX
8
GRAVIROVANI
10
19.0150
20
22.5000
30
0.0
0
VERTEX
8
GRAVIROVANI
10
19.0150
20
21.2000
30
0.0
0
VERTEX
8
GRAVIROVANI
10
19.2650
20
21.2000
30
0.0
0
VERTEX
8
GRAVIROVANI
10
19.2650
20
22.5000
30
0.0
0
SEQEND
8
GRAVIROVANI
0
POLYLINE
8
GRAVIROVANI
10
0.0
20
0.0
30
0.0
66
1
70
1
0
VERTEX
8
GRAVIROVANI
10
19.7900
20
23.6750
30
0.0
0
VERTEX
8
GRAVIROVANI
10
21.3500
20
23.6750
30
0.0
0
VERTEX
8
GRAVIROVANI
10
21.3500
20
23.9250
30
0.0
0
VERTEX
8
GRAVIROVANI
10
19.7900
20
23.9250
30
0.0
0
SEQEND
8
GRAVIROVANI
0
POLYLINE
8
GRAVIROVANI
10
0.0
20
0.0
30
0.0
66
1
70
1
0
VERTEX
8
GRAVIROVANI
10
19.6650
20
23.8000
30
0.0
0
VERTEX
8
GRAVIROVANI
10
19.6650
20
22.5000
30
0.0
0
VERTEX
8
GRAVIROVANI
10
19.9150
20
22.5000
30
0.0
0
VERTEX
8
GRAVIROVANI
10
19.9150
20
23.8000
30
0.0
0
SEQEND
8
GRAVIROVANI
0
POLYLINE
8
GRAVIROVANI
10
0.0
20
0.0
30
0.0
66
1
70
1
0
VERTEX
8
GRAVIROVANI
10
21.2250
20
23.8000
30
0.0
0
VERTEX
8
GRAVIROVANI
10
21.2250
20
22.5000
30
0.0
0
VERTEX
8
GRAVIROVANI
10
21.4750
20
22.5000
30
0.0
0
VERTEX
8
GRAVIROVANI
10
21.4750
20
23.8000
30
0.0
0
SEQEND
8
GRAVIROVANI
0
POLYLINE
8
GRAVIROVANI
10
0.0
20
0.0
30
0.0
66
1
70
1
0
VERTEX
8
GRAVIROVANI
10
19.6650
20
22.5000
30
0.0
0
VERTEX
8
GRAVIROVANI
10
19.6650
20
21.2000
30
0.0
0
VERTEX
8
GRAVIROVANI
10
19.9150
20
21.2000
30
0.0
0
VERTEX
8
GRAVIROVANI
10
19.9150
20
22.5000
30
0.0
0
SEQEND
8
GRAVIROVANI
0
POLYLINE
8
GRAVIROVANI
10
0.0
20
0.0
30
0.0
66
1
70
1
0
VERTEX
8
GRAVIROVANI
10
21.2250
20
22.5000
30
0.0
0
VERTEX
8
GRAVIROVANI
10
21.2250
20
21.2000
30
0.0
0
VERTEX
8
GRAVIROVANI
10
21.4750
20
21.2000
30
0.0
0
VERTEX
8
GRAVIROVANI
10
21.4750
20
22.5000
30
0.0
0
SEQEND
8
GRAVIROVANI
0
POLYLINE
8
GRAVIROVANI
10
0.0
20
0.0
30
0.0
66
1
70
1
0
VERTEX
8
GRAVIROVANI
10
19.7900
20
21.0750
30
0.0
0
VERTEX
8
GRAVIROVANI
10
21.3500
20
21.0750
30
0.0
0
VERTEX
8
GRAVIROVANI
10
21.3500
20
21.3250
30
0.0
0
VERTEX
8
GRAVIROVANI
10
19.7900
20
21.3250
30
0.0
0
SEQEND
8
GRAVIROVANI
0
POLYLINE
8
GRAVIROVANI
10
0.0
20
0.0
30
0.0
66
1
70
1
0
VERTEX
8
GRAVIROVANI
10
24.0000
20
43.3750
30
0.0
0
VERTEX
8
GRAVIROVANI
10
26.0000
20
43.3750
30
0.0
0
VERTEX
8
GRAVIROVANI
10
26.0000
20
43.6250
30
0.0
0
VERTEX
8
GRAVIROVANI
10
24.0000
20
43.6250
30
0.0
0
SEQEND
8
GRAVIROVANI
0
POLYLINE
8
GRAVIROVANI
10
0.0
20
0.0
30
0.0
66
1
70
1
0
VERTEX
8
GRAVIROVANI
10
24.0000
20
21.3750
30
0.0
0
VERTEX
8
GRAVIROVANI
10
26.0000
20
21.3750
30
0.0
0
VERTEX
8
GRAVIROVANI
10
26.0000
20
21.6250
30
0.0
0
VERTEX
8
GRAVIROVANI
10
24.0000
20
21.6250
30
0.0
0
SEQEND
8
GRAVIROVANI
0
POLYLINE
8
GRAVIROVANI
10
0.0
20
0.0
30
0.0
66
1
70
1
0
VERTEX
8
GRAVIROVANI
10
24.0000
20
44.3750
30
0.0
0
VERTEX
8
GRAVIROVANI
10
26.0000
20
44.3750
30
0.0
0
VERTEX
8
GRAVIROVANI
10
26.0000
20
44.6250
30
0.0
0
VERTEX
8
GRAVIROVANI
10
24.0000
20
44.6250
30
0.0
0
SEQEND
8
GRAVIROVANI
0
POLYLINE
8
GRAVIROVANI
10
0.0
20
0.0
30
0.0
66
1
70
1
0
VERTEX
8
GRAVIROVANI
10
24.0000
20
20.3750
30
0.0
0
VERTEX
8
GRAVIROVANI
10
26.0000
20
20.3750
30
0.0
0
VERTEX
8
GRAVIROVANI
10
26.0000
20
20.6250
30
0.0
0
VERTEX
8
GRAVIROVANI
10
24.0000
20
20.6250
30
0.0
0
SEQEND
8
GRAVIROVANI
0
POLYLINE
8
GRAVIROVANI
10
0.0
20
0.0
30
0.0
66
1
70
1
0
VERTEX
8
GRAVIROVANI
10
24.0000
20
45.3750
30
0.0
0
VERTEX
8
GRAVIROVANI
10
26.0000
20
45.3750
30
0.0
0
VERTEX
8
GRAVIROVANI
10
26.0000
20
45.6250
30
0.0
0
VERTEX
8
GRAVIROVANI
10
24.0000
20
45.6250
30
0.0
0
SEQEND
8
GRAVIROVANI
0
POLYLINE
8
GRAVIROVANI
10
0.0
20
0.0
30
0.0
66
1
70
1
0
VERTEX
8
GRAVIROVANI
10
24.0000
20
19.3750
30
0.0
0
VERTEX
8
GRAVIROVANI
10
26.0000
20
19.3750
30
0.0
0
VERTEX
8
GRAVIROVANI
10
26.0000
20
19.6250
30
0.0
0
VERTEX
8
GRAVIROVANI
10
24.0000
20
19.6250
30
0.0
0
SEQEND
8
GRAVIROVANI
0
POLYLINE
8
GRAVIROVANI
10
0.0
20
0.0
30
0.0
66
1
70
1
0
VERTEX
8
GRAVIROVANI
10
24.0000
20
46.3750
30
0.0
0
VERTEX
8
GRAVIROVANI
10
26.0000
20
46.3750
30
0.0
0
VERTEX
8
GRAVIROVANI
10
26.0000
20
46.6250
30
0.0
0
VERTEX
8
GRAVIROVANI
10
24.0000
20
46.6250
30
0.0
0
SEQEND
8
GRAVIROVANI
0
POLYLINE
8
GRAVIROVANI
10
0.0
20
0.0
30
0.0
66
1
70
1
0
VERTEX
8
GRAVIROVANI
10
24.0000
20
18.3750
30
0.0
0
VERTEX
8
GRAVIROVANI
10
26.0000
20
18.3750
30
0.0
0
VERTEX
8
GRAVIROVANI
10
26.0000
20
18.6250
30
0.0
0
VERTEX
8
GRAVIROVANI
10
24.0000
20
18.6250
30
0.0
0
SEQEND
8
GRAVIROVANI
0
POLYLINE
8
GRAVIROVANI
10
0.0
20
0.0
30
0.0
66
1
70
1
0
VERTEX
8
GRAVIROVANI
10
24.0000
20
47.3750
30
0.0
0
VERTEX
8
GRAVIROVANI
10
28.0000
20
47.3750
30
0.0
0
VERTEX
8
GRAVIROVANI
10
28.0000
20
47.6250
30
0.0
0
VERTEX
8
GRAVIROVANI
10
24.0000
20
47.6250
30
0.0
0
SEQEND
8
GRAVIROVANI
0
POLYLINE
8
GRAVIROVANI
10
0.0
20
0.0
30
0.0
66
1
70
1
0
VERTEX
8
GRAVIROVANI
10
24.0000
20
17.3750
30
0.0
0
VERTEX
8
GRAVIROVANI
10
28.0000
20
17.3750
30
0.0
0
VERTEX
8
GRAVIROVANI
10
28.0000
20
17.6250
30
0.0
0
VERTEX
8
GRAVIROVANI
10
24.0000
20
17.6250
30
0.0
0
SEQEND
8
GRAVIROVANI
0
POLYLINE
8
GRAVIROVANI
10
0.0
20
0.0
30
0.0
66
1
70
1
0
VERTEX
8
GRAVIROVANI
10
24.0000
20
48.3750
30
0.0
0
VERTEX
8
GRAVIROVANI
10
26.0000
20
48.3750
30
0.0
0
VERTEX
8
GRAVIROVANI
10
26.0000
20
48.6250
30
0.0
0
VERTEX
8
GRAVIROVANI
10
24.0000
20
48.6250
30
0.0
0
SEQEND
8
GRAVIROVANI
0
POLYLINE
8
GRAVIROVANI
10
0.0
20
0.0
30
0.0
66
1
70
1
0
VERTEX
8
GRAVIROVANI
10
24.0000
20
16.3750
30
0.0
0
VERTEX
8
GRAVIROVANI
10
26.0000
20
16.3750
30
0.0
0
VERTEX
8
GRAVIROVANI
10
26.0000
20
16.6250
30
0.0
0
VERTEX
8
GRAVIROVANI
10
24.0000
20
16.6250
30
0.0
0
SEQEND
8
GRAVIROVANI
0
POLYLINE
8
GRAVIROVANI
10
0.0
20
0.0
30
0.0
66
1
70
1
0
VERTEX
8
GRAVIROVANI
10
24.0000
20
49.3750
30
0.0
0
VERTEX
8
GRAVIROVANI
10
26.0000
20
49.3750
30
0.0
0
VERTEX
8
GRAVIROVANI
10
26.0000
20
49.6250
30
0.0
0
VERTEX
8
GRAVIROVANI
10
24.0000
20
49.6250
30
0.0
0
SEQEND
8
GRAVIROVANI
0
POLYLINE
8
GRAVIROVANI
10
0.0
20
0.0
30
0.0
66
1
70
1
0
VERTEX
8
GRAVIROVANI
10
24.0000
20
15.3750
30
0.0
0
VERTEX
8
GRAVIROVANI
10
26.0000
20
15.3750
30
0.0
0
VERTEX
8
GRAVIROVANI
10
26.0000
20
15.6250
30
0.0
0
VERTEX
8
GRAVIROVANI
10
24.0000
20
15.6250
30
0.0
0
SEQEND
8
GRAVIROVANI
0
POLYLINE
8
GRAVIROVANI
10
0.0
20
0.0
30
0.0
66
1
70
1
0
VERTEX
8
GRAVIROVANI
10
24.0000
20
50.3750
30
0.0
0
VERTEX
8
GRAVIROVANI
10
26.0000
20
50.3750
30
0.0
0
VERTEX
8
GRAVIROVANI
10
26.0000
20
50.6250
30
0.0
0
VERTEX
8
GRAVIROVANI
10
24.0000
20
50.6250
30
0.0
0
SEQEND
8
GRAVIROVANI
0
POLYLINE
8
GRAVIROVANI
10
0.0
20
0.0
30
0.0
66
1
70
1
0
VERTEX
8
GRAVIROVANI
10
24.0000
20
14.3750
30
0.0
0
VERTEX
8
GRAVIROVANI
10
26.0000
20
14.3750
30
0.0
0
VERTEX
8
GRAVIROVANI
10
26.0000
20
14.6250
30
0.0
0
VERTEX
8
GRAVIROVANI
10
24.0000
20
14.6250
30
0.0
0
SEQEND
8
GRAVIROVANI
0
POLYLINE
8
GRAVIROVANI
10
0.0
20
0.0
30
0.0
66
1
70
1
0
VERTEX
8
GRAVIROVANI
10
24.0000
20
51.3750
30
0.0
0
VERTEX
8
GRAVIROVANI
10
26.0000
20
51.3750
30
0.0
0
VERTEX
8
GRAVIROVANI
10
26.0000
20
51.6250
30
0.0
0
VERTEX
8
GRAVIROVANI
10
24.0000
20
51.6250
30
0.0
0
SEQEND
8
GRAVIROVANI
0
POLYLINE
8
GRAVIROVANI
10
0.0
20
0.0
30
0.0
66
1
70
1
0
VERTEX
8
GRAVIROVANI
10
24.0000
20
13.3750
30
0.0
0
VERTEX
8
GRAVIROVANI
10
26.0000
20
13.3750
30
0.0
0
VERTEX
8
GRAVIROVANI
10
26.0000
20
13.6250
30
0.0
0
VERTEX
8
GRAVIROVANI
10
24.0000
20
13.6250
30
0.0
0
SEQEND
8
GRAVIROVANI
0
POLYLINE
8
GRAVIROVANI
10
0.0
20
0.0
30
0.0
66
1
70
1
0
VERTEX
8
GRAVIROVANI
10
24.0000
20
52.3750
30
0.0
0
VERTEX
8
GRAVIROVANI
10
31.0000
20
52.3750
30
0.0
0
VERTEX
8
GRAVIROVANI
10
31.0000
20
52.6250
30
0.0
0
VERTEX
8
GRAVIROVANI
10
24.0000
20
52.6250
30
0.0
0
SEQEND
8
GRAVIROVANI
0
POLYLINE
8
GRAVIROVANI
10
0.0
20
0.0
30
0.0
66
1
70
1
0
VERTEX
8
GRAVIROVANI
10
17.5800
20
53.6750
30
0.0
0
VERTEX
8
GRAVIROVANI
10
19.1400
20
53.6750
30
0.0
0
VERTEX
8
GRAVIROVANI
10
19.1400
20
53.9250
30
0.0
0
VERTEX
8
GRAVIROVANI
10
17.5800
20
53.9250
30
0.0
0
SEQEND
8
GRAVIROVANI
0
POLYLINE
8
GRAVIROVANI
10
0.0
20
0.0
30
0.0
66
1
70
1
0
VERTEX
8
GRAVIROVANI
10
19.0150
20
53.8000
30
0.0
0
VERTEX
8
GRAVIROVANI
10
19.0150
20
52.5000
30
0.0
0
VERTEX
8
GRAVIROVANI
10
19.2650
20
52.5000
30
0.0
0
VERTEX
8
GRAVIROVANI
10
19.2650
20
53.8000
30
0.0
0
SEQEND
8
GRAVIROVANI
0
POLYLINE
8
GRAVIROVANI
10
0.0
20
0.0
30
0.0
66
1
70
1
0
VERTEX
8
GRAVIROVANI
10
17.5800
20
52.3750
30
0.0
0
VERTEX
8
GRAVIROVANI
10
19.1400
20
52.3750
30
0.0
0
VERTEX
8
GRAVIROVANI
10
19.1400
20
52.6250
30
0.0
0
VERTEX
8
GRAVIROVANI
10
17.5800
20
52.6250
30
0.0
0
SEQEND
8
GRAVIROVANI
0
POLYLINE
8
GRAVIROVANI
10
0.0
20
0.0
30
0.0
66
1
70
1
0
VERTEX
8
GRAVIROVANI
10
17.4550
20
52.5000
30
0.0
0
VERTEX
8
GRAVIROVANI
10
17.4550
20
51.2000
30
0.0
0
VERTEX
8
GRAVIROVANI
10
17.7050
20
51.2000
30
0.0
0
VERTEX
8
GRAVIROVANI
10
17.7050
20
52.5000
30
0.0
0
SEQEND
8
GRAVIROVANI
0
POLYLINE
8
GRAVIROVANI
10
0.0
20
0.0
30
0.0
66
1
70
1
0
VERTEX
8
GRAVIROVANI
10
17.5800
20
51.0750
30
0.0
0
VERTEX
8
GRAVIROVANI
10
19.1400
20
51.0750
30
0.0
0
VERTEX
8
GRAVIROVANI
10
19.1400
20
51.3250
30
0.0
0
VERTEX
8
GRAVIROVANI
10
17.5800
20
51.3250
30
0.0
0
SEQEND
8
GRAVIROVANI
0
POLYLINE
8
GRAVIROVANI
10
0.0
20
0.0
30
0.0
66
1
70
1
0
VERTEX
8
GRAVIROVANI
10
19.7900
20
53.6750
30
0.0
0
VERTEX
8
GRAVIROVANI
10
21.3500
20
53.6750
30
0.0
0
VERTEX
8
GRAVIROVANI
10
21.3500
20
53.9250
30
0.0
0
VERTEX
8
GRAVIROVANI
10
19.7900
20
53.9250
30
0.0
0
SEQEND
8
GRAVIROVANI
0
POLYLINE
8
GRAVIROVANI
10
0.0
20
0.0
30
0.0
66
1
70
1
0
VERTEX
8
GRAVIROVANI
10
19.6650
20
53.8000
30
0.0
0
VERTEX
8
GRAVIROVANI
10
19.6650
20
52.5000
30
0.0
0
VERTEX
8
GRAVIROVANI
10
19.9150
20
52.5000
30
0.0
0
VERTEX
8
GRAVIROVANI
10
19.9150
20
53.8000
30
0.0
0
SEQEND
8
GRAVIROVANI
0
POLYLINE
8
GRAVIROVANI
10
0.0
20
0.0
30
0.0
66
1
70
1
0
VERTEX
8
GRAVIROVANI
10
21.2250
20
53.8000
30
0.0
0
VERTEX
8
GRAVIROVANI
10
21.2250
20
52.5000
30
0.0
0
VERTEX
8
GRAVIROVANI
10
21.4750
20
52.5000
30
0.0
0
VERTEX
8
GRAVIROVANI
10
21.4750
20
53.8000
30
0.0
0
SEQEND
8
GRAVIROVANI
0
POLYLINE
8
GRAVIROVANI
10
0.0
20
0.0
30
0.0
66
1
70
1
0
VERTEX
8
GRAVIROVANI
10
19.6650
20
52.5000
30
0.0
0
VERTEX
8
GRAVIROVANI
10
19.6650
20
51.2000
30
0.0
0
VERTEX
8
GRAVIROVANI
10
19.9150
20
51.2000
30
0.0
0
VERTEX
8
GRAVIROVANI
10
19.9150
20
52.5000
30
0.0
0
SEQEND
8
GRAVIROVANI
0
POLYLINE
8
GRAVIROVANI
10
0.0
20
0.0
30
0.0
66
1
70
1
0
VERTEX
8
GRAVIROVANI
10
21.2250
20
52.5000
30
0.0
0
VERTEX
8
GRAVIROVANI
10
21.2250
20
51.2000
30
0.0
0
VERTEX
8
GRAVIROVANI
10
21.4750
20
51.2000
30
0.0
0
VERTEX
8
GRAVIROVANI
10
21.4750
20
52.5000
30
0.0
0
SEQEND
8
GRAVIROVANI
0
POLYLINE
8
GRAVIROVANI
10
0.0
20
0.0
30
0.0
66
1
70
1
0
VERTEX
8
GRAVIROVANI
10
19.7900
20
51.0750
30
0.0
0
VERTEX
8
GRAVIROVANI
10
21.3500
20
51.0750
30
0.0
0
VERTEX
8
GRAVIROVANI
10
21.3500
20
51.3250
30
0.0
0
VERTEX
8
GRAVIROVANI
10
19.7900
20
51.3250
30
0.0
0
SEQEND
8
GRAVIROVANI
0
POLYLINE
8
GRAVIROVANI
10
0.0
20
0.0
30
0.0
66
1
70
1
0
VERTEX
8
GRAVIROVANI
10
24.0000
20
12.3750
30
0.0
0
VERTEX
8
GRAVIROVANI
10
31.0000
20
12.3750
30
0.0
0
VERTEX
8
GRAVIROVANI
10
31.0000
20
12.6250
30
0.0
0
VERTEX
8
GRAVIROVANI
10
24.0000
20
12.6250
30
0.0
0
SEQEND
8
GRAVIROVANI
0
POLYLINE
8
GRAVIROVANI
10
0.0
20
0.0
30
0.0
66
1
70
1
0
VERTEX
8
GRAVIROVANI
10
17.5800
20
13.6750
30
0.0
0
VERTEX
8
GRAVIROVANI
10
19.1400
20
13.6750
30
0.0
0
VERTEX
8
GRAVIROVANI
10
19.1400
20
13.9250
30
0.0
0
VERTEX
8
GRAVIROVANI
10
17.5800
20
13.9250
30
0.0
0
SEQEND
8
GRAVIROVANI
0
POLYLINE
8
GRAVIROVANI
10
0.0
20
0.0
30
0.0
66
1
70
1
0
VERTEX
8
GRAVIROVANI
10
19.0150
20
13.8000
30
0.0
0
VERTEX
8
GRAVIROVANI
10
19.0150
20
12.5000
30
0.0
0
VERTEX
8
GRAVIROVANI
10
19.2650
20
12.5000
30
0.0
0
VERTEX
8
GRAVIROVANI
10
19.2650
20
13.8000
30
0.0
0
SEQEND
8
GRAVIROVANI
0
POLYLINE
8
GRAVIROVANI
10
0.0
20
0.0
30
0.0
66
1
70
1
0
VERTEX
8
GRAVIROVANI
10
17.5800
20
12.3750
30
0.0
0
VERTEX
8
GRAVIROVANI
10
19.1400
20
12.3750
30
0.0
0
VERTEX
8
GRAVIROVANI
10
19.1400
20
12.6250
30
0.0
0
VERTEX
8
GRAVIROVANI
10
17.5800
20
12.6250
30
0.0
0
SEQEND
8
GRAVIROVANI
0
POLYLINE
8
GRAVIROVANI
10
0.0
20
0.0
30
0.0
66
1
70
1
0
VERTEX
8
GRAVIROVANI
10
17.4550
20
12.5000
30
0.0
0
VERTEX
8
GRAVIROVANI
10
17.4550
20
11.2000
30
0.0
0
VERTEX
8
GRAVIROVANI
10
17.7050
20
11.2000
30
0.0
0
VERTEX
8
GRAVIROVANI
10
17.7050
20
12.5000
30
0.0
0
SEQEND
8
GRAVIROVANI
0
POLYLINE
8
GRAVIROVANI
10
0.0
20
0.0
30
0.0
66
1
70
1
0
VERTEX
8
GRAVIROVANI
10
17.5800
20
11.0750
30
0.0
0
VERTEX
8
GRAVIROVANI
10
19.1400
20
11.0750
30
0.0
0
VERTEX
8
GRAVIROVANI
10
19.1400
20
11.3250
30
0.0
0
VERTEX
8
GRAVIROVANI
10
17.5800
20
11.3250
30
0.0
0
SEQEND
8
GRAVIROVANI
0
POLYLINE
8
GRAVIROVANI
10
0.0
20
0.0
30
0.0
66
1
70
1
0
VERTEX
8
GRAVIROVANI
10
19.7900
20
13.6750
30
0.0
0
VERTEX
8
GRAVIROVANI
10
21.3500
20
13.6750
30
0.0
0
VERTEX
8
GRAVIROVANI
10
21.3500
20
13.9250
30
0.0
0
VERTEX
8
GRAVIROVANI
10
19.7900
20
13.9250
30
0.0
0
SEQEND
8
GRAVIROVANI
0
POLYLINE
8
GRAVIROVANI
10
0.0
20
0.0
30
0.0
66
1
70
1
0
VERTEX
8
GRAVIROVANI
10
19.6650
20
13.8000
30
0.0
0
VERTEX
8
GRAVIROVANI
10
19.6650
20
12.5000
30
0.0
0
VERTEX
8
GRAVIROVANI
10
19.9150
20
12.5000
30
0.0
0
VERTEX
8
GRAVIROVANI
10
19.9150
20
13.8000
30
0.0
0
SEQEND
8
GRAVIROVANI
0
POLYLINE
8
GRAVIROVANI
10
0.0
20
0.0
30
0.0
66
1
70
1
0
VERTEX
8
GRAVIROVANI
10
21.2250
20
13.8000
30
0.0
0
VERTEX
8
GRAVIROVANI
10
21.2250
20
12.5000
30
0.0
0
VERTEX
8
GRAVIROVANI
10
21.4750
20
12.5000
30
0.0
0
VERTEX
8
GRAVIROVANI
10
21.4750
20
13.8000
30
0.0
0
SEQEND
8
GRAVIROVANI
0
POLYLINE
8
GRAVIROVANI
10
0.0
20
0.0
30
0.0
66
1
70
1
0
VERTEX
8
GRAVIROVANI
10
19.6650
20
12.5000
30
0.0
0
VERTEX
8
GRAVIROVANI
10
19.6650
20
11.2000
30
0.0
0
VERTEX
8
GRAVIROVANI
10
19.9150
20
11.2000
30
0.0
0
VERTEX
8
GRAVIROVANI
10
19.9150
20
12.5000
30
0.0
0
SEQEND
8
GRAVIROVANI
0
POLYLINE
8
GRAVIROVANI
10
0.0
20
0.0
30
0.0
66
1
70
1
0
VERTEX
8
GRAVIROVANI
10
21.2250
20
12.5000
30
0.0
0
VERTEX
8
GRAVIROVANI
10
21.2250
20
11.2000
30
0.0
0
VERTEX
8
GRAVIROVANI
10
21.4750
20
11.2000
30
0.0
0
VERTEX
8
GRAVIROVANI
10
21.4750
20
12.5000
30
0.0
0
SEQEND
8
GRAVIROVANI
0
POLYLINE
8
GRAVIROVANI
10
0.0
20
0.0
30
0.0
66
1
70
1
0
VERTEX
8
GRAVIROVANI
10
19.7900
20
11.0750
30
0.0
0
VERTEX
8
GRAVIROVANI
10
21.3500
20
11.0750
30
0.0
0
VERTEX
8
GRAVIROVANI
10
21.3500
20
11.3250
30
0.0
0
VERTEX
8
GRAVIROVANI
10
19.7900
20
11.3250
30
0.0
0
SEQEND
8
GRAVIROVANI
0
POLYLINE
8
GRAVIROVANI
10
0.0
20
0.0
30
0.0
66
1
70
1
0
VERTEX
8
GRAVIROVANI
10
24.0000
20
53.3750
30
0.0
0
VERTEX
8
GRAVIROVANI
10
26.0000
20
53.3750
30
0.0
0
VERTEX
8
GRAVIROVANI
10
26.0000
20
53.6250
30
0.0
0
VERTEX
8
GRAVIROVANI
10
24.0000
20
53.6250
30
0.0
0
SEQEND
8
GRAVIROVANI
0
POLYLINE
8
GRAVIROVANI
10
0.0
20
0.0
30
0.0
66
1
70
1
0
VERTEX
8
GRAVIROVANI
10
24.0000
20
11.3750
30
0.0
0
VERTEX
8
GRAVIROVANI
10
26.0000
20
11.3750
30
0.0
0
VERTEX
8
GRAVIROVANI
10
26.0000
20
11.6250
30
0.0
0
VERTEX
8
GRAVIROVANI
10
24.0000
20
11.6250
30
0.0
0
SEQEND
8
GRAVIROVANI
0
POLYLINE
8
GRAVIROVANI
10
0.0
20
0.0
30
0.0
66
1
70
1
0
VERTEX
8
GRAVIROVANI
10
24.0000
20
54.3750
30
0.0
0
VERTEX
8
GRAVIROVANI
10
26.0000
20
54.3750
30
0.0
0
VERTEX
8
GRAVIROVANI
10
26.0000
20
54.6250
30
0.0
0
VERTEX
8
GRAVIROVANI
10
24.0000
20
54.6250
30
0.0
0
SEQEND
8
GRAVIROVANI
0
POLYLINE
8
GRAVIROVANI
10
0.0
20
0.0
30
0.0
66
1
70
1
0
VERTEX
8
GRAVIROVANI
10
24.0000
20
10.3750
30
0.0
0
VERTEX
8
GRAVIROVANI
10
26.0000
20
10.3750
30
0.0
0
VERTEX
8
GRAVIROVANI
10
26.0000
20
10.6250
30
0.0
0
VERTEX
8
GRAVIROVANI
10
24.0000
20
10.6250
30
0.0
0
SEQEND
8
GRAVIROVANI
0
POLYLINE
8
GRAVIROVANI
10
0.0
20
0.0
30
0.0
66
1
70
1
0
VERTEX
8
GRAVIROVANI
10
24.0000
20
55.3750
30
0.0
0
VERTEX
8
GRAVIROVANI
10
26.0000
20
55.3750
30
0.0
0
VERTEX
8
GRAVIROVANI
10
26.0000
20
55.6250
30
0.0
0
VERTEX
8
GRAVIROVANI
10
24.0000
20
55.6250
30
0.0
0
SEQEND
8
GRAVIROVANI
0
POLYLINE
8
GRAVIROVANI
10
0.0
20
0.0
30
0.0
66
1
70
1
0
VERTEX
8
GRAVIROVANI
10
24.0000
20
9.3750
30
0.0
0
VERTEX
8
GRAVIROVANI
10
26.0000
20
9.3750
30
0.0
0
VERTEX
8
GRAVIROVANI
10
26.0000
20
9.6250
30
0.0
0
VERTEX
8
GRAVIROVANI
10
24.0000
20
9.6250
30
0.0
0
SEQEND
8
GRAVIROVANI
0
POLYLINE
8
GRAVIROVANI
10
0.0
20
0.0
30
0.0
66
1
70
1
0
VERTEX
8
GRAVIROVANI
10
24.0000
20
56.3750
30
0.0
0
VERTEX
8
GRAVIROVANI
10
26.0000
20
56.3750
30
0.0
0
VERTEX
8
GRAVIROVANI
10
26.0000
20
56.6250
30
0.0
0
VERTEX
8
GRAVIROVANI
10
24.0000
20
56.6250
30
0.0
0
SEQEND
8
GRAVIROVANI
0
POLYLINE
8
GRAVIROVANI
10
0.0
20
0.0
30
0.0
66
1
70
1
0
VERTEX
8
GRAVIROVANI
10
24.0000
20
8.3750
30
0.0
0
VERTEX
8
GRAVIROVANI
10
26.0000
20
8.3750
30
0.0
0
VERTEX
8
GRAVIROVANI
10
26.0000
20
8.6250
30
0.0
0
VERTEX
8
GRAVIROVANI
10
24.0000
20
8.6250
30
0.0
0
SEQEND
8
GRAVIROVANI
0
POLYLINE
8
GRAVIROVANI
10
0.0
20
0.0
30
0.0
66
1
70
1
0
VERTEX
8
GRAVIROVANI
10
0.8750
20
178.0000
30
0.0
0
VERTEX
8
GRAVIROVANI
10
0.8750
20
176.8000
30
0.0
0
VERTEX
8
GRAVIROVANI
10
1.1250
20
176.8000
30
0.0
0
VERTEX
8
GRAVIROVANI
10
1.1250
20
178.0000
30
0.0
0
SEQEND
8
GRAVIROVANI
0
POLYLINE
8
GRAVIROVANI
10
0.0
20
0.0
30
0.0
66
1
70
1
0
VERTEX
8
GRAVIROVANI
10
1.8750
20
178.0000
30
0.0
0
VERTEX
8
GRAVIROVANI
10
1.8750
20
176.8000
30
0.0
0
VERTEX
8
GRAVIROVANI
10
2.1250
20
176.8000
30
0.0
0
VERTEX
8
GRAVIROVANI
10
2.1250
20
178.0000
30
0.0
0
SEQEND
8
GRAVIROVANI
0
POLYLINE
8
GRAVIROVANI
10
0.0
20
0.0
30
0.0
66
1
70
1
0
VERTEX
8
GRAVIROVANI
10
2.8750
20
178.0000
30
0.0
0
VERTEX
8
GRAVIROVANI
10
2.8750
20
176.8000
30
0.0
0
VERTEX
8
GRAVIROVANI
10
3.1250
20
176.8000
30
0.0
0
VERTEX
8
GRAVIROVANI
10
3.1250
20
178.0000
30
0.0
0
SEQEND
8
GRAVIROVANI
0
POLYLINE
8
GRAVIROVANI
10
0.0
20
0.0
30
0.0
66
1
70
1
0
VERTEX
8
GRAVIROVANI
10
3.8750
20
178.0000
30
0.0
0
VERTEX
8
GRAVIROVANI
10
3.8750
20
176.0000
30
0.0
0
VERTEX
8
GRAVIROVANI
10
4.1250
20
176.0000
30
0.0
0
VERTEX
8
GRAVIROVANI
10
4.1250
20
178.0000
30
0.0
0
SEQEND
8
GRAVIROVANI
0
POLYLINE
8
GRAVIROVANI
10
0.0
20
0.0
30
0.0
66
1
70
1
0
VERTEX
8
GRAVIROVANI
10
4.8750
20
178.0000
30
0.0
0
VERTEX
8
GRAVIROVANI
10
4.8750
20
174.5000
30
0.0
0
VERTEX
8
GRAVIROVANI
10
5.1250
20
174.5000
30
0.0
0
VERTEX
8
GRAVIROVANI
10
5.1250
20
178.0000
30
0.0
0
SEQEND
8
GRAVIROVANI
0
POLYLINE
8
GRAVIROVANI
10
0.0
20
0.0
30
0.0
66
1
70
1
0
VERTEX
8
GRAVIROVANI
10
5.8750
20
178.0000
30
0.0
0
VERTEX
8
GRAVIROVANI
10
5.8750
20
176.0000
30
0.0
0
VERTEX
8
GRAVIROVANI
10
6.1250
20
176.0000
30
0.0
0
VERTEX
8
GRAVIROVANI
10
6.1250
20
178.0000
30
0.0
0
SEQEND
8
GRAVIROVANI
0
POLYLINE
8
GRAVIROVANI
10
0.0
20
0.0
30
0.0
66
1
70
1
0
VERTEX
8
GRAVIROVANI
10
6.8750
20
178.0000
30
0.0
0
VERTEX
8
GRAVIROVANI
10
6.8750
20
176.0000
30
0.0
0
VERTEX
8
GRAVIROVANI
10
7.1250
20
176.0000
30
0.0
0
VERTEX
8
GRAVIROVANI
10
7.1250
20
178.0000
30
0.0
0
SEQEND
8
GRAVIROVANI
0
POLYLINE
8
GRAVIROVANI
10
0.0
20
0.0
30
0.0
66
1
70
1
0
VERTEX
8
GRAVIROVANI
10
7.8750
20
178.0000
30
0.0
0
VERTEX
8
GRAVIROVANI
10
7.8750
20
176.0000
30
0.0
0
VERTEX
8
GRAVIROVANI
10
8.1250
20
176.0000
30
0.0
0
VERTEX
8
GRAVIROVANI
10
8.1250
20
178.0000
30
0.0
0
SEQEND
8
GRAVIROVANI
0
POLYLINE
8
GRAVIROVANI
10
0.0
20
0.0
30
0.0
66
1
70
1
0
VERTEX
8
GRAVIROVANI
10
8.8750
20
178.0000
30
0.0
0
VERTEX
8
GRAVIROVANI
10
8.8750
20
176.0000
30
0.0
0
VERTEX
8
GRAVIROVANI
10
9.1250
20
176.0000
30
0.0
0
VERTEX
8
GRAVIROVANI
10
9.1250
20
178.0000
30
0.0
0
SEQEND
8
GRAVIROVANI
0
POLYLINE
8
GRAVIROVANI
10
0.0
20
0.0
30
0.0
66
1
70
1
0
VERTEX
8
GRAVIROVANI
10
9.8750
20
178.0000
30
0.0
0
VERTEX
8
GRAVIROVANI
10
9.8750
20
173.0000
30
0.0
0
VERTEX
8
GRAVIROVANI
10
10.1250
20
173.0000
30
0.0
0
VERTEX
8
GRAVIROVANI
10
10.1250
20
178.0000
30
0.0
0
SEQEND
8
GRAVIROVANI
0
POLYLINE
8
GRAVIROVANI
10
0.0
20
0.0
30
0.0
66
1
70
1
0
VERTEX
8
GRAVIROVANI
10
10.8750
20
178.0000
30
0.0
0
VERTEX
8
GRAVIROVANI
10
10.8750
20
176.0000
30
0.0
0
VERTEX
8
GRAVIROVANI
10
11.1250
20
176.0000
30
0.0
0
VERTEX
8
GRAVIROVANI
10
11.1250
20
178.0000
30
0.0
0
SEQEND
8
GRAVIROVANI
0
POLYLINE
8
GRAVIROVANI
10
0.0
20
0.0
30
0.0
66
1
70
1
0
VERTEX
8
GRAVIROVANI
10
11.8750
20
178.0000
30
0.0
0
VERTEX
8
GRAVIROVANI
10
11.8750
20
176.0000
30
0.0
0
VERTEX
8
GRAVIROVANI
10
12.1250
20
176.0000
30
0.0
0
VERTEX
8
GRAVIROVANI
10
12.1250
20
178.0000
30
0.0
0
SEQEND
8
GRAVIROVANI
0
POLYLINE
8
GRAVIROVANI
10
0.0
20
0.0
30
0.0
66
1
70
1
0
VERTEX
8
GRAVIROVANI
10
12.8750
20
178.0000
30
0.0
0
VERTEX
8
GRAVIROVANI
10
12.8750
20
176.0000
30
0.0
0
VERTEX
8
GRAVIROVANI
10
13.1250
20
176.0000
30
0.0
0
VERTEX
8
GRAVIROVANI
10
13.1250
20
178.0000
30
0.0
0
SEQEND
8
GRAVIROVANI
0
POLYLINE
8
GRAVIROVANI
10
0.0
20
0.0
30
0.0
66
1
70
1
0
VERTEX
8
GRAVIROVANI
10
13.8750
20
178.0000
30
0.0
0
VERTEX
8
GRAVIROVANI
10
13.8750
20
176.0000
30
0.0
0
VERTEX
8
GRAVIROVANI
10
14.1250
20
176.0000
30
0.0
0
VERTEX
8
GRAVIROVANI
10
14.1250
20
178.0000
30
0.0
0
SEQEND
8
GRAVIROVANI
0
POLYLINE
8
GRAVIROVANI
10
0.0
20
0.0
30
0.0
66
1
70
1
0
VERTEX
8
GRAVIROVANI
10
14.8750
20
178.0000
30
0.0
0
VERTEX
8
GRAVIROVANI
10
14.8750
20
174.5000
30
0.0
0
VERTEX
8
GRAVIROVANI
10
15.1250
20
174.5000
30
0.0
0
VERTEX
8
GRAVIROVANI
10
15.1250
20
178.0000
30
0.0
0
SEQEND
8
GRAVIROVANI
0
POLYLINE
8
GRAVIROVANI
10
0.0
20
0.0
30
0.0
66
1
70
1
0
VERTEX
8
GRAVIROVANI
10
15.8750
20
178.0000
30
0.0
0
VERTEX
8
GRAVIROVANI
10
15.8750
20
176.0000
30
0.0
0
VERTEX
8
GRAVIROVANI
10
16.1250
20
176.0000
30
0.0
0
VERTEX
8
GRAVIROVANI
10
16.1250
20
178.0000
30
0.0
0
SEQEND
8
GRAVIROVANI
0
POLYLINE
8
GRAVIROVANI
10
0.0
20
0.0
30
0.0
66
1
70
1
0
VERTEX
8
GRAVIROVANI
10
16.8750
20
178.0000
30
0.0
0
VERTEX
8
GRAVIROVANI
10
16.8750
20
176.0000
30
0.0
0
VERTEX
8
GRAVIROVANI
10
17.1250
20
176.0000
30
0.0
0
VERTEX
8
GRAVIROVANI
10
17.1250
20
178.0000
30
0.0
0
SEQEND
8
GRAVIROVANI
0
POLYLINE
8
GRAVIROVANI
10
0.0
20
0.0
30
0.0
66
1
70
1
0
VERTEX
8
GRAVIROVANI
10
17.8750
20
178.0000
30
0.0
0
VERTEX
8
GRAVIROVANI
10
17.8750
20
176.0000
30
0.0
0
VERTEX
8
GRAVIROVANI
10
18.1250
20
176.0000
30
0.0
0
VERTEX
8
GRAVIROVANI
10
18.1250
20
178.0000
30
0.0
0
SEQEND
8
GRAVIROVANI
0
POLYLINE
8
GRAVIROVANI
10
0.0
20
0.0
30
0.0
66
1
70
1
0
VERTEX
8
GRAVIROVANI
10
18.8750
20
178.0000
30
0.0
0
VERTEX
8
GRAVIROVANI
10
18.8750
20
176.0000
30
0.0
0
VERTEX
8
GRAVIROVANI
10
19.1250
20
176.0000
30
0.0
0
VERTEX
8
GRAVIROVANI
10
19.1250
20
178.0000
30
0.0
0
SEQEND
8
GRAVIROVANI
0
POLYLINE
8
GRAVIROVANI
10
0.0
20
0.0
30
0.0
66
1
70
1
0
VERTEX
8
GRAVIROVANI
10
19.8750
20
178.0000
30
0.0
0
VERTEX
8
GRAVIROVANI
10
19.8750
20
173.0000
30
0.0
0
VERTEX
8
GRAVIROVANI
10
20.1250
20
173.0000
30
0.0
0
VERTEX
8
GRAVIROVANI
10
20.1250
20
178.0000
30
0.0
0
SEQEND
8
GRAVIROVANI
0
POLYLINE
8
GRAVIROVANI
10
0.0
20
0.0
30
0.0
66
1
70
1
0
VERTEX
8
GRAVIROVANI
10
20.8750
20
178.0000
30
0.0
0
VERTEX
8
GRAVIROVANI
10
20.8750
20
176.0000
30
0.0
0
VERTEX
8
GRAVIROVANI
10
21.1250
20
176.0000
30
0.0
0
VERTEX
8
GRAVIROVANI
10
21.1250
20
178.0000
30
0.0
0
SEQEND
8
GRAVIROVANI
0
POLYLINE
8
GRAVIROVANI
10
0.0
20
0.0
30
0.0
66
1
70
1
0
VERTEX
8
GRAVIROVANI
10
21.8750
20
178.0000
30
0.0
0
VERTEX
8
GRAVIROVANI
10
21.8750
20
176.0000
30
0.0
0
VERTEX
8
GRAVIROVANI
10
22.1250
20
176.0000
30
0.0
0
VERTEX
8
GRAVIROVANI
10
22.1250
20
178.0000
30
0.0
0
SEQEND
8
GRAVIROVANI
0
POLYLINE
8
GRAVIROVANI
10
0.0
20
0.0
30
0.0
66
1
70
1
0
VERTEX
8
GRAVIROVANI
10
22.8750
20
178.0000
30
0.0
0
VERTEX
8
GRAVIROVANI
10
22.8750
20
176.0000
30
0.0
0
VERTEX
8
GRAVIROVANI
10
23.1250
20
176.0000
30
0.0
0
VERTEX
8
GRAVIROVANI
10
23.1250
20
178.0000
30
0.0
0
SEQEND
8
GRAVIROVANI
0
POLYLINE
8
GRAVIROVANI
10
0.0
20
0.0
30
0.0
66
1
70
1
0
VERTEX
8
GRAVIROVANI
10
23.8750
20
178.0000
30
0.0
0
VERTEX
8
GRAVIROVANI
10
23.8750
20
176.0000
30
0.0
0
VERTEX
8
GRAVIROVANI
10
24.1250
20
176.0000
30
0.0
0
VERTEX
8
GRAVIROVANI
10
24.1250
20
178.0000
30
0.0
0
SEQEND
8
GRAVIROVANI
0
POLYLINE
8
GRAVIROVANI
10
0.0
20
0.0
30
0.0
66
1
70
1
0
VERTEX
8
GRAVIROVANI
10
24.8750
20
178.0000
30
0.0
0
VERTEX
8
GRAVIROVANI
10
24.8750
20
174.5000
30
0.0
0
VERTEX
8
GRAVIROVANI
10
25.1250
20
174.5000
30
0.0
0
VERTEX
8
GRAVIROVANI
10
25.1250
20
178.0000
30
0.0
0
SEQEND
8
GRAVIROVANI
0
POLYLINE
8
GRAVIROVANI
10
0.0
20
0.0
30
0.0
66
1
70
1
0
VERTEX
8
GRAVIROVANI
10
25.8750
20
178.0000
30
0.0
0
VERTEX
8
GRAVIROVANI
10
25.8750
20
176.0000
30
0.0
0
VERTEX
8
GRAVIROVANI
10
26.1250
20
176.0000
30
0.0
0
VERTEX
8
GRAVIROVANI
10
26.1250
20
178.0000
30
0.0
0
SEQEND
8
GRAVIROVANI
0
POLYLINE
8
GRAVIROVANI
10
0.0
20
0.0
30
0.0
66
1
70
1
0
VERTEX
8
GRAVIROVANI
10
26.8750
20
178.0000
30
0.0
0
VERTEX
8
GRAVIROVANI
10
26.8750
20
176.0000
30
0.0
0
VERTEX
8
GRAVIROVANI
10
27.1250
20
176.0000
30
0.0
0
VERTEX
8
GRAVIROVANI
10
27.1250
20
178.0000
30
0.0
0
SEQEND
8
GRAVIROVANI
0
POLYLINE
8
GRAVIROVANI
10
0.0
20
0.0
30
0.0
66
1
70
1
0
VERTEX
8
GRAVIROVANI
10
27.8750
20
178.0000
30
0.0
0
VERTEX
8
GRAVIROVANI
10
27.8750
20
176.0000
30
0.0
0
VERTEX
8
GRAVIROVANI
10
28.1250
20
176.0000
30
0.0
0
VERTEX
8
GRAVIROVANI
10
28.1250
20
178.0000
30
0.0
0
SEQEND
8
GRAVIROVANI
0
POLYLINE
8
GRAVIROVANI
10
0.0
20
0.0
30
0.0
66
1
70
1
0
VERTEX
8
GRAVIROVANI
10
28.8750
20
178.0000
30
0.0
0
VERTEX
8
GRAVIROVANI
10
28.8750
20
176.0000
30
0.0
0
VERTEX
8
GRAVIROVANI
10
29.1250
20
176.0000
30
0.0
0
VERTEX
8
GRAVIROVANI
10
29.1250
20
178.0000
30
0.0
0
SEQEND
8
GRAVIROVANI
0
POLYLINE
8
GRAVIROVANI
10
0.0
20
0.0
30
0.0
66
1
70
1
0
VERTEX
8
GRAVIROVANI
10
29.8750
20
178.0000
30
0.0
0
VERTEX
8
GRAVIROVANI
10
29.8750
20
173.0000
30
0.0
0
VERTEX
8
GRAVIROVANI
10
30.1250
20
173.0000
30
0.0
0
VERTEX
8
GRAVIROVANI
10
30.1250
20
178.0000
30
0.0
0
SEQEND
8
GRAVIROVANI
0
POLYLINE
8
GRAVIROVANI
10
0.0
20
0.0
30
0.0
66
1
70
1
0
VERTEX
8
GRAVIROVANI
10
30.8750
20
178.0000
30
0.0
0
VERTEX
8
GRAVIROVANI
10
30.8750
20
176.0000
30
0.0
0
VERTEX
8
GRAVIROVANI
10
31.1250
20
176.0000
30
0.0
0
VERTEX
8
GRAVIROVANI
10
31.1250
20
178.0000
30
0.0
0
SEQEND
8
GRAVIROVANI
0
POLYLINE
8
GRAVIROVANI
10
0.0
20
0.0
30
0.0
66
1
70
1
0
VERTEX
8
GRAVIROVANI
10
31.8750
20
178.0000
30
0.0
0
VERTEX
8
GRAVIROVANI
10
31.8750
20
176.0000
30
0.0
0
VERTEX
8
GRAVIROVANI
10
32.1250
20
176.0000
30
0.0
0
VERTEX
8
GRAVIROVANI
10
32.1250
20
178.0000
30
0.0
0
SEQEND
8
GRAVIROVANI
0
POLYLINE
8
GRAVIROVANI
10
0.0
20
0.0
30
0.0
66
1
70
1
0
VERTEX
8
GRAVIROVANI
10
32.8750
20
178.0000
30
0.0
0
VERTEX
8
GRAVIROVANI
10
32.8750
20
176.0000
30
0.0
0
VERTEX
8
GRAVIROVANI
10
33.1250
20
176.0000
30
0.0
0
VERTEX
8
GRAVIROVANI
10
33.1250
20
178.0000
30
0.0
0
SEQEND
8
GRAVIROVANI
0
POLYLINE
8
GRAVIROVANI
10
0.0
20
0.0
30
0.0
66
1
70
1
0
VERTEX
8
GRAVIROVANI
10
33.8750
20
178.0000
30
0.0
0
VERTEX
8
GRAVIROVANI
10
33.8750
20
176.0000
30
0.0
0
VERTEX
8
GRAVIROVANI
10
34.1250
20
176.0000
30
0.0
0
VERTEX
8
GRAVIROVANI
10
34.1250
20
178.0000
30
0.0
0
SEQEND
8
GRAVIROVANI
0
POLYLINE
8
GRAVIROVANI
10
0.0
20
0.0
30
0.0
66
1
70
1
0
VERTEX
8
GRAVIROVANI
10
34.8750
20
178.0000
30
0.0
0
VERTEX
8
GRAVIROVANI
10
34.8750
20
174.5000
30
0.0
0
VERTEX
8
GRAVIROVANI
10
35.1250
20
174.5000
30
0.0
0
VERTEX
8
GRAVIROVANI
10
35.1250
20
178.0000
30
0.0
0
SEQEND
8
GRAVIROVANI
0
POLYLINE
8
GRAVIROVANI
10
0.0
20
0.0
30
0.0
66
1
70
1
0
VERTEX
8
GRAVIROVANI
10
35.8750
20
178.0000
30
0.0
0
VERTEX
8
GRAVIROVANI
10
35.8750
20
176.0000
30
0.0
0
VERTEX
8
GRAVIROVANI
10
36.1250
20
176.0000
30
0.0
0
VERTEX
8
GRAVIROVANI
10
36.1250
20
178.0000
30
0.0
0
SEQEND
8
GRAVIROVANI
0
POLYLINE
8
GRAVIROVANI
10
0.0
20
0.0
30
0.0
66
1
70
1
0
VERTEX
8
GRAVIROVANI
10
36.8750
20
178.0000
30
0.0
0
VERTEX
8
GRAVIROVANI
10
36.8750
20
176.0000
30
0.0
0
VERTEX
8
GRAVIROVANI
10
37.1250
20
176.0000
30
0.0
0
VERTEX
8
GRAVIROVANI
10
37.1250
20
178.0000
30
0.0
0
SEQEND
8
GRAVIROVANI
0
POLYLINE
8
GRAVIROVANI
10
0.0
20
0.0
30
0.0
66
1
70
1
0
VERTEX
8
GRAVIROVANI
10
37.8750
20
178.0000
30
0.0
0
VERTEX
8
GRAVIROVANI
10
37.8750
20
176.0000
30
0.0
0
VERTEX
8
GRAVIROVANI
10
38.1250
20
176.0000
30
0.0
0
VERTEX
8
GRAVIROVANI
10
38.1250
20
178.0000
30
0.0
0
SEQEND
8
GRAVIROVANI
0
POLYLINE
8
GRAVIROVANI
10
0.0
20
0.0
30
0.0
66
1
70
1
0
VERTEX
8
GRAVIROVANI
10
38.8750
20
178.0000
30
0.0
0
VERTEX
8
GRAVIROVANI
10
38.8750
20
176.0000
30
0.0
0
VERTEX
8
GRAVIROVANI
10
39.1250
20
176.0000
30
0.0
0
VERTEX
8
GRAVIROVANI
10
39.1250
20
178.0000
30
0.0
0
SEQEND
8
GRAVIROVANI
0
POLYLINE
8
GRAVIROVANI
10
0.0
20
0.0
30
0.0
66
1
70
1
0
VERTEX
8
GRAVIROVANI
10
39.8750
20
178.0000
30
0.0
0
VERTEX
8
GRAVIROVANI
10
39.8750
20
173.0000
30
0.0
0
VERTEX
8
GRAVIROVANI
10
40.1250
20
173.0000
30
0.0
0
VERTEX
8
GRAVIROVANI
10
40.1250
20
178.0000
30
0.0
0
SEQEND
8
GRAVIROVANI
0
POLYLINE
8
GRAVIROVANI
10
0.0
20
0.0
30
0.0
66
1
70
1
0
VERTEX
8
GRAVIROVANI
10
40.8750
20
178.0000
30
0.0
0
VERTEX
8
GRAVIROVANI
10
40.8750
20
176.0000
30
0.0
0
VERTEX
8
GRAVIROVANI
10
41.1250
20
176.0000
30
0.0
0
VERTEX
8
GRAVIROVANI
10
41.1250
20
178.0000
30
0.0
0
SEQEND
8
GRAVIROVANI
0
POLYLINE
8
GRAVIROVANI
10
0.0
20
0.0
30
0.0
66
1
70
1
0
VERTEX
8
GRAVIROVANI
10
41.8750
20
178.0000
30
0.0
0
VERTEX
8
GRAVIROVANI
10
41.8750
20
176.0000
30
0.0
0
VERTEX
8
GRAVIROVANI
10
42.1250
20
176.0000
30
0.0
0
VERTEX
8
GRAVIROVANI
10
42.1250
20
178.0000
30
0.0
0
SEQEND
8
GRAVIROVANI
0
POLYLINE
8
GRAVIROVANI
10
0.0
20
0.0
30
0.0
66
1
70
1
0
VERTEX
8
GRAVIROVANI
10
42.8750
20
178.0000
30
0.0
0
VERTEX
8
GRAVIROVANI
10
42.8750
20
176.0000
30
0.0
0
VERTEX
8
GRAVIROVANI
10
43.1250
20
176.0000
30
0.0
0
VERTEX
8
GRAVIROVANI
10
43.1250
20
178.0000
30
0.0
0
SEQEND
8
GRAVIROVANI
0
POLYLINE
8
GRAVIROVANI
10
0.0
20
0.0
30
0.0
66
1
70
1
0
VERTEX
8
GRAVIROVANI
10
43.8750
20
178.0000
30
0.0
0
VERTEX
8
GRAVIROVANI
10
43.8750
20
176.0000
30
0.0
0
VERTEX
8
GRAVIROVANI
10
44.1250
20
176.0000
30
0.0
0
VERTEX
8
GRAVIROVANI
10
44.1250
20
178.0000
30
0.0
0
SEQEND
8
GRAVIROVANI
0
POLYLINE
8
GRAVIROVANI
10
0.0
20
0.0
30
0.0
66
1
70
1
0
VERTEX
8
GRAVIROVANI
10
44.8750
20
178.0000
30
0.0
0
VERTEX
8
GRAVIROVANI
10
44.8750
20
174.5000
30
0.0
0
VERTEX
8
GRAVIROVANI
10
45.1250
20
174.5000
30
0.0
0
VERTEX
8
GRAVIROVANI
10
45.1250
20
178.0000
30
0.0
0
SEQEND
8
GRAVIROVANI
0
POLYLINE
8
GRAVIROVANI
10
0.0
20
0.0
30
0.0
66
1
70
1
0
VERTEX
8
GRAVIROVANI
10
45.8750
20
178.0000
30
0.0
0
VERTEX
8
GRAVIROVANI
10
45.8750
20
176.0000
30
0.0
0
VERTEX
8
GRAVIROVANI
10
46.1250
20
176.0000
30
0.0
0
VERTEX
8
GRAVIROVANI
10
46.1250
20
178.0000
30
0.0
0
SEQEND
8
GRAVIROVANI
0
POLYLINE
8
GRAVIROVANI
10
0.0
20
0.0
30
0.0
66
1
70
1
0
VERTEX
8
GRAVIROVANI
10
46.8750
20
178.0000
30
0.0
0
VERTEX
8
GRAVIROVANI
10
46.8750
20
176.0000
30
0.0
0
VERTEX
8
GRAVIROVANI
10
47.1250
20
176.0000
30
0.0
0
VERTEX
8
GRAVIROVANI
10
47.1250
20
178.0000
30
0.0
0
SEQEND
8
GRAVIROVANI
0
POLYLINE
8
GRAVIROVANI
10
0.0
20
0.0
30
0.0
66
1
70
1
0
VERTEX
8
GRAVIROVANI
10
47.8750
20
178.0000
30
0.0
0
VERTEX
8
GRAVIROVANI
10
47.8750
20
176.0000
30
0.0
0
VERTEX
8
GRAVIROVANI
10
48.1250
20
176.0000
30
0.0
0
VERTEX
8
GRAVIROVANI
10
48.1250
20
178.0000
30
0.0
0
SEQEND
8
GRAVIROVANI
0
POLYLINE
8
GRAVIROVANI
10
0.0
20
0.0
30
0.0
66
1
70
1
0
VERTEX
8
GRAVIROVANI
10
48.8750
20
178.0000
30
0.0
0
VERTEX
8
GRAVIROVANI
10
48.8750
20
176.0000
30
0.0
0
VERTEX
8
GRAVIROVANI
10
49.1250
20
176.0000
30
0.0
0
VERTEX
8
GRAVIROVANI
10
49.1250
20
178.0000
30
0.0
0
SEQEND
8
GRAVIROVANI
0
POLYLINE
8
GRAVIROVANI
10
0.0
20
0.0
30
0.0
66
1
70
1
0
VERTEX
8
GRAVIROVANI
10
49.8750
20
178.0000
30
0.0
0
VERTEX
8
GRAVIROVANI
10
49.8750
20
171.0000
30
0.0
0
VERTEX
8
GRAVIROVANI
10
50.1250
20
171.0000
30
0.0
0
VERTEX
8
GRAVIROVANI
10
50.1250
20
178.0000
30
0.0
0
SEQEND
8
GRAVIROVANI
0
POLYLINE
8
GRAVIROVANI
10
0.0
20
0.0
30
0.0
66
1
70
1
0
VERTEX
8
GRAVIROVANI
10
50.8750
20
178.0000
30
0.0
0
VERTEX
8
GRAVIROVANI
10
50.8750
20
176.8000
30
0.0
0
VERTEX
8
GRAVIROVANI
10
51.1250
20
176.8000
30
0.0
0
VERTEX
8
GRAVIROVANI
10
51.1250
20
178.0000
30
0.0
0
SEQEND
8
GRAVIROVANI
0
POLYLINE
8
GRAVIROVANI
10
0.0
20
0.0
30
0.0
66
1
70
1
0
VERTEX
8
GRAVIROVANI
10
51.8750
20
178.0000
30
0.0
0
VERTEX
8
GRAVIROVANI
10
51.8750
20
176.8000
30
0.0
0
VERTEX
8
GRAVIROVANI
10
52.1250
20
176.8000
30
0.0
0
VERTEX
8
GRAVIROVANI
10
52.1250
20
178.0000
30
0.0
0
SEQEND
8
GRAVIROVANI
0
POLYLINE
8
GRAVIROVANI
10
0.0
20
0.0
30
0.0
66
1
70
1
0
VERTEX
8
GRAVIROVANI
10
52.8750
20
178.0000
30
0.0
0
VERTEX
8
GRAVIROVANI
10
52.8750
20
176.8000
30
0.0
0
VERTEX
8
GRAVIROVANI
10
53.1250
20
176.8000
30
0.0
0
VERTEX
8
GRAVIROVANI
10
53.1250
20
178.0000
30
0.0
0
SEQEND
8
GRAVIROVANI
0
POLYLINE
8
GRAVIROVANI
10
0.0
20
0.0
30
0.0
66
1
70
1
0
VERTEX
8
GRAVIROVANI
10
53.8750
20
178.0000
30
0.0
0
VERTEX
8
GRAVIROVANI
10
53.8750
20
176.8000
30
0.0
0
VERTEX
8
GRAVIROVANI
10
54.1250
20
176.8000
30
0.0
0
VERTEX
8
GRAVIROVANI
10
54.1250
20
178.0000
30
0.0
0
SEQEND
8
GRAVIROVANI
0
POLYLINE
8
GRAVIROVANI
10
0.0
20
0.0
30
0.0
66
1
70
1
0
VERTEX
8
GRAVIROVANI
10
54.8750
20
178.0000
30
0.0
0
VERTEX
8
GRAVIROVANI
10
54.8750
20
176.8000
30
0.0
0
VERTEX
8
GRAVIROVANI
10
55.1250
20
176.8000
30
0.0
0
VERTEX
8
GRAVIROVANI
10
55.1250
20
178.0000
30
0.0
0
SEQEND
8
GRAVIROVANI
0
POLYLINE
8
GRAVIROVANI
10
0.0
20
0.0
30
0.0
66
1
70
1
0
VERTEX
8
GRAVIROVANI
10
55.8750
20
178.0000
30
0.0
0
VERTEX
8
GRAVIROVANI
10
55.8750
20
176.8000
30
0.0
0
VERTEX
8
GRAVIROVANI
10
56.1250
20
176.8000
30
0.0
0
VERTEX
8
GRAVIROVANI
10
56.1250
20
178.0000
30
0.0
0
SEQEND
8
GRAVIROVANI
0
POLYLINE
8
GRAVIROVANI
10
0.0
20
0.0
30
0.0
66
1
70
1
0
VERTEX
8
GRAVIROVANI
10
56.8750
20
178.0000
30
0.0
0
VERTEX
8
GRAVIROVANI
10
56.8750
20
176.0000
30
0.0
0
VERTEX
8
GRAVIROVANI
10
57.1250
20
176.0000
30
0.0
0
VERTEX
8
GRAVIROVANI
10
57.1250
20
178.0000
30
0.0
0
SEQEND
8
GRAVIROVANI
0
POLYLINE
8
GRAVIROVANI
10
0.0
20
0.0
30
0.0
66
1
70
1
0
VERTEX
8
GRAVIROVANI
10
57.8750
20
178.0000
30
0.0
0
VERTEX
8
GRAVIROVANI
10
57.8750
20
176.0000
30
0.0
0
VERTEX
8
GRAVIROVANI
10
58.1250
20
176.0000
30
0.0
0
VERTEX
8
GRAVIROVANI
10
58.1250
20
178.0000
30
0.0
0
SEQEND
8
GRAVIROVANI
0
POLYLINE
8
GRAVIROVANI
10
0.0
20
0.0
30
0.0
66
1
70
1
0
VERTEX
8
GRAVIROVANI
10
58.8750
20
178.0000
30
0.0
0
VERTEX
8
GRAVIROVANI
10
58.8750
20
176.0000
30
0.0
0
VERTEX
8
GRAVIROVANI
10
59.1250
20
176.0000
30
0.0
0
VERTEX
8
GRAVIROVANI
10
59.1250
20
178.0000
30
0.0
0
SEQEND
8
GRAVIROVANI
0
POLYLINE
8
GRAVIROVANI
10
0.0
20
0.0
30
0.0
66
1
70
1
0
VERTEX
8
GRAVIROVANI
10
59.8750
20
178.0000
30
0.0
0
VERTEX
8
GRAVIROVANI
10
59.8750
20
173.0000
30
0.0
0
VERTEX
8
GRAVIROVANI
10
60.1250
20
173.0000
30
0.0
0
VERTEX
8
GRAVIROVANI
10
60.1250
20
178.0000
30
0.0
0
SEQEND
8
GRAVIROVANI
0
POLYLINE
8
GRAVIROVANI
10
0.0
20
0.0
30
0.0
66
1
70
1
0
VERTEX
8
GRAVIROVANI
10
60.8750
20
178.0000
30
0.0
0
VERTEX
8
GRAVIROVANI
10
60.8750
20
176.0000
30
0.0
0
VERTEX
8
GRAVIROVANI
10
61.1250
20
176.0000
30
0.0
0
VERTEX
8
GRAVIROVANI
10
61.1250
20
178.0000
30
0.0
0
SEQEND
8
GRAVIROVANI
0
POLYLINE
8
GRAVIROVANI
10
0.0
20
0.0
30
0.0
66
1
70
1
0
VERTEX
8
GRAVIROVANI
10
61.8750
20
178.0000
30
0.0
0
VERTEX
8
GRAVIROVANI
10
61.8750
20
176.0000
30
0.0
0
VERTEX
8
GRAVIROVANI
10
62.1250
20
176.0000
30
0.0
0
VERTEX
8
GRAVIROVANI
10
62.1250
20
178.0000
30
0.0
0
SEQEND
8
GRAVIROVANI
0
POLYLINE
8
GRAVIROVANI
10
0.0
20
0.0
30
0.0
66
1
70
1
0
VERTEX
8
GRAVIROVANI
10
62.8750
20
178.0000
30
0.0
0
VERTEX
8
GRAVIROVANI
10
62.8750
20
176.0000
30
0.0
0
VERTEX
8
GRAVIROVANI
10
63.1250
20
176.0000
30
0.0
0
VERTEX
8
GRAVIROVANI
10
63.1250
20
178.0000
30
0.0
0
SEQEND
8
GRAVIROVANI
0
POLYLINE
8
GRAVIROVANI
10
0.0
20
0.0
30
0.0
66
1
70
1
0
VERTEX
8
GRAVIROVANI
10
63.8750
20
178.0000
30
0.0
0
VERTEX
8
GRAVIROVANI
10
63.8750
20
176.0000
30
0.0
0
VERTEX
8
GRAVIROVANI
10
64.1250
20
176.0000
30
0.0
0
VERTEX
8
GRAVIROVANI
10
64.1250
20
178.0000
30
0.0
0
SEQEND
8
GRAVIROVANI
0
POLYLINE
8
GRAVIROVANI
10
0.0
20
0.0
30
0.0
66
1
70
1
0
VERTEX
8
GRAVIROVANI
10
64.8750
20
178.0000
30
0.0
0
VERTEX
8
GRAVIROVANI
10
64.8750
20
174.5000
30
0.0
0
VERTEX
8
GRAVIROVANI
10
65.1250
20
174.5000
30
0.0
0
VERTEX
8
GRAVIROVANI
10
65.1250
20
178.0000
30
0.0
0
SEQEND
8
GRAVIROVANI
0
POLYLINE
8
GRAVIROVANI
10
0.0
20
0.0
30
0.0
66
1
70
1
0
VERTEX
8
GRAVIROVANI
10
65.8750
20
178.0000
30
0.0
0
VERTEX
8
GRAVIROVANI
10
65.8750
20
176.0000
30
0.0
0
VERTEX
8
GRAVIROVANI
10
66.1250
20
176.0000
30
0.0
0
VERTEX
8
GRAVIROVANI
10
66.1250
20
178.0000
30
0.0
0
SEQEND
8
GRAVIROVANI
0
POLYLINE
8
GRAVIROVANI
10
0.0
20
0.0
30
0.0
66
1
70
1
0
VERTEX
8
GRAVIROVANI
10
66.8750
20
178.0000
30
0.0
0
VERTEX
8
GRAVIROVANI
10
66.8750
20
176.0000
30
0.0
0
VERTEX
8
GRAVIROVANI
10
67.1250
20
176.0000
30
0.0
0
VERTEX
8
GRAVIROVANI
10
67.1250
20
178.0000
30
0.0
0
SEQEND
8
GRAVIROVANI
0
POLYLINE
8
GRAVIROVANI
10
0.0
20
0.0
30
0.0
66
1
70
1
0
VERTEX
8
GRAVIROVANI
10
67.8750
20
178.0000
30
0.0
0
VERTEX
8
GRAVIROVANI
10
67.8750
20
176.0000
30
0.0
0
VERTEX
8
GRAVIROVANI
10
68.1250
20
176.0000
30
0.0
0
VERTEX
8
GRAVIROVANI
10
68.1250
20
178.0000
30
0.0
0
SEQEND
8
GRAVIROVANI
0
POLYLINE
8
GRAVIROVANI
10
0.0
20
0.0
30
0.0
66
1
70
1
0
VERTEX
8
GRAVIROVANI
10
68.8750
20
178.0000
30
0.0
0
VERTEX
8
GRAVIROVANI
10
68.8750
20
176.0000
30
0.0
0
VERTEX
8
GRAVIROVANI
10
69.1250
20
176.0000
30
0.0
0
VERTEX
8
GRAVIROVANI
10
69.1250
20
178.0000
30
0.0
0
SEQEND
8
GRAVIROVANI
0
POLYLINE
8
GRAVIROVANI
10
0.0
20
0.0
30
0.0
66
1
70
1
0
VERTEX
8
GRAVIROVANI
10
69.8750
20
178.0000
30
0.0
0
VERTEX
8
GRAVIROVANI
10
69.8750
20
173.0000
30
0.0
0
VERTEX
8
GRAVIROVANI
10
70.1250
20
173.0000
30
0.0
0
VERTEX
8
GRAVIROVANI
10
70.1250
20
178.0000
30
0.0
0
SEQEND
8
GRAVIROVANI
0
POLYLINE
8
GRAVIROVANI
10
0.0
20
0.0
30
0.0
66
1
70
1
0
VERTEX
8
GRAVIROVANI
10
70.8750
20
178.0000
30
0.0
0
VERTEX
8
GRAVIROVANI
10
70.8750
20
176.0000
30
0.0
0
VERTEX
8
GRAVIROVANI
10
71.1250
20
176.0000
30
0.0
0
VERTEX
8
GRAVIROVANI
10
71.1250
20
178.0000
30
0.0
0
SEQEND
8
GRAVIROVANI
0
POLYLINE
8
GRAVIROVANI
10
0.0
20
0.0
30
0.0
66
1
70
1
0
VERTEX
8
GRAVIROVANI
10
71.8750
20
178.0000
30
0.0
0
VERTEX
8
GRAVIROVANI
10
71.8750
20
176.0000
30
0.0
0
VERTEX
8
GRAVIROVANI
10
72.1250
20
176.0000
30
0.0
0
VERTEX
8
GRAVIROVANI
10
72.1250
20
178.0000
30
0.0
0
SEQEND
8
GRAVIROVANI
0
POLYLINE
8
GRAVIROVANI
10
0.0
20
0.0
30
0.0
66
1
70
1
0
VERTEX
8
GRAVIROVANI
10
72.8750
20
178.0000
30
0.0
0
VERTEX
8
GRAVIROVANI
10
72.8750
20
176.0000
30
0.0
0
VERTEX
8
GRAVIROVANI
10
73.1250
20
176.0000
30
0.0
0
VERTEX
8
GRAVIROVANI
10
73.1250
20
178.0000
30
0.0
0
SEQEND
8
GRAVIROVANI
0
POLYLINE
8
GRAVIROVANI
10
0.0
20
0.0
30
0.0
66
1
70
1
0
VERTEX
8
GRAVIROVANI
10
73.8750
20
178.0000
30
0.0
0
VERTEX
8
GRAVIROVANI
10
73.8750
20
176.0000
30
0.0
0
VERTEX
8
GRAVIROVANI
10
74.1250
20
176.0000
30
0.0
0
VERTEX
8
GRAVIROVANI
10
74.1250
20
178.0000
30
0.0
0
SEQEND
8
GRAVIROVANI
0
POLYLINE
8
GRAVIROVANI
10
0.0
20
0.0
30
0.0
66
1
70
1
0
VERTEX
8
GRAVIROVANI
10
74.8750
20
178.0000
30
0.0
0
VERTEX
8
GRAVIROVANI
10
74.8750
20
174.5000
30
0.0
0
VERTEX
8
GRAVIROVANI
10
75.1250
20
174.5000
30
0.0
0
VERTEX
8
GRAVIROVANI
10
75.1250
20
178.0000
30
0.0
0
SEQEND
8
GRAVIROVANI
0
POLYLINE
8
GRAVIROVANI
10
0.0
20
0.0
30
0.0
66
1
70
1
0
VERTEX
8
GRAVIROVANI
10
75.8750
20
178.0000
30
0.0
0
VERTEX
8
GRAVIROVANI
10
75.8750
20
176.0000
30
0.0
0
VERTEX
8
GRAVIROVANI
10
76.1250
20
176.0000
30
0.0
0
VERTEX
8
GRAVIROVANI
10
76.1250
20
178.0000
30
0.0
0
SEQEND
8
GRAVIROVANI
0
POLYLINE
8
GRAVIROVANI
10
0.0
20
0.0
30
0.0
66
1
70
1
0
VERTEX
8
GRAVIROVANI
10
76.8750
20
178.0000
30
0.0
0
VERTEX
8
GRAVIROVANI
10
76.8750
20
176.0000
30
0.0
0
VERTEX
8
GRAVIROVANI
10
77.1250
20
176.0000
30
0.0
0
VERTEX
8
GRAVIROVANI
10
77.1250
20
178.0000
30
0.0
0
SEQEND
8
GRAVIROVANI
0
POLYLINE
8
GRAVIROVANI
10
0.0
20
0.0
30
0.0
66
1
70
1
0
VERTEX
8
GRAVIROVANI
10
77.8750
20
178.0000
30
0.0
0
VERTEX
8
GRAVIROVANI
10
77.8750
20
176.0000
30
0.0
0
VERTEX
8
GRAVIROVANI
10
78.1250
20
176.0000
30
0.0
0
VERTEX
8
GRAVIROVANI
10
78.1250
20
178.0000
30
0.0
0
SEQEND
8
GRAVIROVANI
0
POLYLINE
8
GRAVIROVANI
10
0.0
20
0.0
30
0.0
66
1
70
1
0
VERTEX
8
GRAVIROVANI
10
78.8750
20
178.0000
30
0.0
0
VERTEX
8
GRAVIROVANI
10
78.8750
20
176.0000
30
0.0
0
VERTEX
8
GRAVIROVANI
10
79.1250
20
176.0000
30
0.0
0
VERTEX
8
GRAVIROVANI
10
79.1250
20
178.0000
30
0.0
0
SEQEND
8
GRAVIROVANI
0
POLYLINE
8
GRAVIROVANI
10
0.0
20
0.0
30
0.0
66
1
70
1
0
VERTEX
8
GRAVIROVANI
10
79.8750
20
178.0000
30
0.0
0
VERTEX
8
GRAVIROVANI
10
79.8750
20
173.0000
30
0.0
0
VERTEX
8
GRAVIROVANI
10
80.1250
20
173.0000
30
0.0
0
VERTEX
8
GRAVIROVANI
10
80.1250
20
178.0000
30
0.0
0
SEQEND
8
GRAVIROVANI
0
POLYLINE
8
GRAVIROVANI
10
0.0
20
0.0
30
0.0
66
1
70
1
0
VERTEX
8
GRAVIROVANI
10
80.8750
20
178.0000
30
0.0
0
VERTEX
8
GRAVIROVANI
10
80.8750
20
176.0000
30
0.0
0
VERTEX
8
GRAVIROVANI
10
81.1250
20
176.0000
30
0.0
0
VERTEX
8
GRAVIROVANI
10
81.1250
20
178.0000
30
0.0
0
SEQEND
8
GRAVIROVANI
0
POLYLINE
8
GRAVIROVANI
10
0.0
20
0.0
30
0.0
66
1
70
1
0
VERTEX
8
GRAVIROVANI
10
81.8750
20
178.0000
30
0.0
0
VERTEX
8
GRAVIROVANI
10
81.8750
20
176.0000
30
0.0
0
VERTEX
8
GRAVIROVANI
10
82.1250
20
176.0000
30
0.0
0
VERTEX
8
GRAVIROVANI
10
82.1250
20
178.0000
30
0.0
0
SEQEND
8
GRAVIROVANI
0
POLYLINE
8
GRAVIROVANI
10
0.0
20
0.0
30
0.0
66
1
70
1
0
VERTEX
8
GRAVIROVANI
10
82.8750
20
178.0000
30
0.0
0
VERTEX
8
GRAVIROVANI
10
82.8750
20
176.0000
30
0.0
0
VERTEX
8
GRAVIROVANI
10
83.1250
20
176.0000
30
0.0
0
VERTEX
8
GRAVIROVANI
10
83.1250
20
178.0000
30
0.0
0
SEQEND
8
GRAVIROVANI
0
POLYLINE
8
GRAVIROVANI
10
0.0
20
0.0
30
0.0
66
1
70
1
0
VERTEX
8
GRAVIROVANI
10
83.8750
20
178.0000
30
0.0
0
VERTEX
8
GRAVIROVANI
10
83.8750
20
176.0000
30
0.0
0
VERTEX
8
GRAVIROVANI
10
84.1250
20
176.0000
30
0.0
0
VERTEX
8
GRAVIROVANI
10
84.1250
20
178.0000
30
0.0
0
SEQEND
8
GRAVIROVANI
0
POLYLINE
8
GRAVIROVANI
10
0.0
20
0.0
30
0.0
66
1
70
1
0
VERTEX
8
GRAVIROVANI
10
84.8750
20
178.0000
30
0.0
0
VERTEX
8
GRAVIROVANI
10
84.8750
20
174.5000
30
0.0
0
VERTEX
8
GRAVIROVANI
10
85.1250
20
174.5000
30
0.0
0
VERTEX
8
GRAVIROVANI
10
85.1250
20
178.0000
30
0.0
0
SEQEND
8
GRAVIROVANI
0
POLYLINE
8
GRAVIROVANI
10
0.0
20
0.0
30
0.0
66
1
70
1
0
VERTEX
8
GRAVIROVANI
10
85.8750
20
178.0000
30
0.0
0
VERTEX
8
GRAVIROVANI
10
85.8750
20
176.0000
30
0.0
0
VERTEX
8
GRAVIROVANI
10
86.1250
20
176.0000
30
0.0
0
VERTEX
8
GRAVIROVANI
10
86.1250
20
178.0000
30
0.0
0
SEQEND
8
GRAVIROVANI
0
POLYLINE
8
GRAVIROVANI
10
0.0
20
0.0
30
0.0
66
1
70
1
0
VERTEX
8
GRAVIROVANI
10
86.8750
20
178.0000
30
0.0
0
VERTEX
8
GRAVIROVANI
10
86.8750
20
176.0000
30
0.0
0
VERTEX
8
GRAVIROVANI
10
87.1250
20
176.0000
30
0.0
0
VERTEX
8
GRAVIROVANI
10
87.1250
20
178.0000
30
0.0
0
SEQEND
8
GRAVIROVANI
0
POLYLINE
8
GRAVIROVANI
10
0.0
20
0.0
30
0.0
66
1
70
1
0
VERTEX
8
GRAVIROVANI
10
87.8750
20
178.0000
30
0.0
0
VERTEX
8
GRAVIROVANI
10
87.8750
20
176.0000
30
0.0
0
VERTEX
8
GRAVIROVANI
10
88.1250
20
176.0000
30
0.0
0
VERTEX
8
GRAVIROVANI
10
88.1250
20
178.0000
30
0.0
0
SEQEND
8
GRAVIROVANI
0
POLYLINE
8
GRAVIROVANI
10
0.0
20
0.0
30
0.0
66
1
70
1
0
VERTEX
8
GRAVIROVANI
10
88.8750
20
178.0000
30
0.0
0
VERTEX
8
GRAVIROVANI
10
88.8750
20
176.0000
30
0.0
0
VERTEX
8
GRAVIROVANI
10
89.1250
20
176.0000
30
0.0
0
VERTEX
8
GRAVIROVANI
10
89.1250
20
178.0000
30
0.0
0
SEQEND
8
GRAVIROVANI
0
POLYLINE
8
GRAVIROVANI
10
0.0
20
0.0
30
0.0
66
1
70
1
0
VERTEX
8
GRAVIROVANI
10
89.8750
20
178.0000
30
0.0
0
VERTEX
8
GRAVIROVANI
10
89.8750
20
173.0000
30
0.0
0
VERTEX
8
GRAVIROVANI
10
90.1250
20
173.0000
30
0.0
0
VERTEX
8
GRAVIROVANI
10
90.1250
20
178.0000
30
0.0
0
SEQEND
8
GRAVIROVANI
0
POLYLINE
8
GRAVIROVANI
10
0.0
20
0.0
30
0.0
66
1
70
1
0
VERTEX
8
GRAVIROVANI
10
90.8750
20
178.0000
30
0.0
0
VERTEX
8
GRAVIROVANI
10
90.8750
20
176.0000
30
0.0
0
VERTEX
8
GRAVIROVANI
10
91.1250
20
176.0000
30
0.0
0
VERTEX
8
GRAVIROVANI
10
91.1250
20
178.0000
30
0.0
0
SEQEND
8
GRAVIROVANI
0
POLYLINE
8
GRAVIROVANI
10
0.0
20
0.0
30
0.0
66
1
70
1
0
VERTEX
8
GRAVIROVANI
10
91.8750
20
178.0000
30
0.0
0
VERTEX
8
GRAVIROVANI
10
91.8750
20
176.0000
30
0.0
0
VERTEX
8
GRAVIROVANI
10
92.1250
20
176.0000
30
0.0
0
VERTEX
8
GRAVIROVANI
10
92.1250
20
178.0000
30
0.0
0
SEQEND
8
GRAVIROVANI
0
POLYLINE
8
GRAVIROVANI
10
0.0
20
0.0
30
0.0
66
1
70
1
0
VERTEX
8
GRAVIROVANI
10
92.8750
20
178.0000
30
0.0
0
VERTEX
8
GRAVIROVANI
10
92.8750
20
176.0000
30
0.0
0
VERTEX
8
GRAVIROVANI
10
93.1250
20
176.0000
30
0.0
0
VERTEX
8
GRAVIROVANI
10
93.1250
20
178.0000
30
0.0
0
SEQEND
8
GRAVIROVANI
0
POLYLINE
8
GRAVIROVANI
10
0.0
20
0.0
30
0.0
66
1
70
1
0
VERTEX
8
GRAVIROVANI
10
93.8750
20
178.0000
30
0.0
0
VERTEX
8
GRAVIROVANI
10
93.8750
20
176.0000
30
0.0
0
VERTEX
8
GRAVIROVANI
10
94.1250
20
176.0000
30
0.0
0
VERTEX
8
GRAVIROVANI
10
94.1250
20
178.0000
30
0.0
0
SEQEND
8
GRAVIROVANI
0
POLYLINE
8
GRAVIROVANI
10
0.0
20
0.0
30
0.0
66
1
70
1
0
VERTEX
8
GRAVIROVANI
10
94.8750
20
178.0000
30
0.0
0
VERTEX
8
GRAVIROVANI
10
94.8750
20
174.5000
30
0.0
0
VERTEX
8
GRAVIROVANI
10
95.1250
20
174.5000
30
0.0
0
VERTEX
8
GRAVIROVANI
10
95.1250
20
178.0000
30
0.0
0
SEQEND
8
GRAVIROVANI
0
POLYLINE
8
GRAVIROVANI
10
0.0
20
0.0
30
0.0
66
1
70
1
0
VERTEX
8
GRAVIROVANI
10
95.8750
20
178.0000
30
0.0
0
VERTEX
8
GRAVIROVANI
10
95.8750
20
176.0000
30
0.0
0
VERTEX
8
GRAVIROVANI
10
96.1250
20
176.0000
30
0.0
0
VERTEX
8
GRAVIROVANI
10
96.1250
20
178.0000
30
0.0
0
SEQEND
8
GRAVIROVANI
0
POLYLINE
8
GRAVIROVANI
10
0.0
20
0.0
30
0.0
66
1
70
1
0
VERTEX
8
GRAVIROVANI
10
96.8750
20
178.0000
30
0.0
0
VERTEX
8
GRAVIROVANI
10
96.8750
20
176.0000
30
0.0
0
VERTEX
8
GRAVIROVANI
10
97.1250
20
176.0000
30
0.0
0
VERTEX
8
GRAVIROVANI
10
97.1250
20
178.0000
30
0.0
0
SEQEND
8
GRAVIROVANI
0
POLYLINE
8
GRAVIROVANI
10
0.0
20
0.0
30
0.0
66
1
70
1
0
VERTEX
8
GRAVIROVANI
10
97.8750
20
178.0000
30
0.0
0
VERTEX
8
GRAVIROVANI
10
97.8750
20
176.0000
30
0.0
0
VERTEX
8
GRAVIROVANI
10
98.1250
20
176.0000
30
0.0
0
VERTEX
8
GRAVIROVANI
10
98.1250
20
178.0000
30
0.0
0
SEQEND
8
GRAVIROVANI
0
POLYLINE
8
GRAVIROVANI
10
0.0
20
0.0
30
0.0
66
1
70
1
0
VERTEX
8
GRAVIROVANI
10
98.8750
20
178.0000
30
0.0
0
VERTEX
8
GRAVIROVANI
10
98.8750
20
176.0000
30
0.0
0
VERTEX
8
GRAVIROVANI
10
99.1250
20
176.0000
30
0.0
0
VERTEX
8
GRAVIROVANI
10
99.1250
20
178.0000
30
0.0
0
SEQEND
8
GRAVIROVANI
0
POLYLINE
8
GRAVIROVANI
10
0.0
20
0.0
30
0.0
66
1
70
1
0
VERTEX
8
GRAVIROVANI
10
99.8750
20
178.0000
30
0.0
0
VERTEX
8
GRAVIROVANI
10
99.8750
20
171.0000
30
0.0
0
VERTEX
8
GRAVIROVANI
10
100.1250
20
171.0000
30
0.0
0
VERTEX
8
GRAVIROVANI
10
100.1250
20
178.0000
30
0.0
0
SEQEND
8
GRAVIROVANI
0
POLYLINE
8
GRAVIROVANI
10
0.0
20
0.0
30
0.0
66
1
70
1
0
VERTEX
8
GRAVIROVANI
10
100.8750
20
178.0000
30
0.0
0
VERTEX
8
GRAVIROVANI
10
100.8750
20
176.8000
30
0.0
0
VERTEX
8
GRAVIROVANI
10
101.1250
20
176.8000
30
0.0
0
VERTEX
8
GRAVIROVANI
10
101.1250
20
178.0000
30
0.0
0
SEQEND
8
GRAVIROVANI
0
POLYLINE
8
GRAVIROVANI
10
0.0
20
0.0
30
0.0
66
1
70
1
0
VERTEX
8
GRAVIROVANI
10
101.8750
20
178.0000
30
0.0
0
VERTEX
8
GRAVIROVANI
10
101.8750
20
176.8000
30
0.0
0
VERTEX
8
GRAVIROVANI
10
102.1250
20
176.8000
30
0.0
0
VERTEX
8
GRAVIROVANI
10
102.1250
20
178.0000
30
0.0
0
SEQEND
8
GRAVIROVANI
0
POLYLINE
8
GRAVIROVANI
10
0.0
20
0.0
30
0.0
66
1
70
1
0
VERTEX
8
GRAVIROVANI
10
102.8750
20
178.0000
30
0.0
0
VERTEX
8
GRAVIROVANI
10
102.8750
20
176.8000
30
0.0
0
VERTEX
8
GRAVIROVANI
10
103.1250
20
176.8000
30
0.0
0
VERTEX
8
GRAVIROVANI
10
103.1250
20
178.0000
30
0.0
0
SEQEND
8
GRAVIROVANI
0
POLYLINE
8
GRAVIROVANI
10
0.0
20
0.0
30
0.0
66
1
70
1
0
VERTEX
8
GRAVIROVANI
10
103.8750
20
178.0000
30
0.0
0
VERTEX
8
GRAVIROVANI
10
103.8750
20
176.8000
30
0.0
0
VERTEX
8
GRAVIROVANI
10
104.1250
20
176.8000
30
0.0
0
VERTEX
8
GRAVIROVANI
10
104.1250
20
178.0000
30
0.0
0
SEQEND
8
GRAVIROVANI
0
POLYLINE
8
GRAVIROVANI
10
0.0
20
0.0
30
0.0
66
1
70
1
0
VERTEX
8
GRAVIROVANI
10
104.8750
20
178.0000
30
0.0
0
VERTEX
8
GRAVIROVANI
10
104.8750
20
176.8000
30
0.0
0
VERTEX
8
GRAVIROVANI
10
105.1250
20
176.8000
30
0.0
0
VERTEX
8
GRAVIROVANI
10
105.1250
20
178.0000
30
0.0
0
SEQEND
8
GRAVIROVANI
0
POLYLINE
8
GRAVIROVANI
10
0.0
20
0.0
30
0.0
66
1
70
1
0
VERTEX
8
GRAVIROVANI
10
105.8750
20
178.0000
30
0.0
0
VERTEX
8
GRAVIROVANI
10
105.8750
20
176.8000
30
0.0
0
VERTEX
8
GRAVIROVANI
10
106.1250
20
176.8000
30
0.0
0
VERTEX
8
GRAVIROVANI
10
106.1250
20
178.0000
30
0.0
0
SEQEND
8
GRAVIROVANI
0
POLYLINE
8
GRAVIROVANI
10
0.0
20
0.0
30
0.0
66
1
70
1
0
VERTEX
8
GRAVIROVANI
10
106.8750
20
178.0000
30
0.0
0
VERTEX
8
GRAVIROVANI
10
106.8750
20
176.8000
30
0.0
0
VERTEX
8
GRAVIROVANI
10
107.1250
20
176.8000
30
0.0
0
VERTEX
8
GRAVIROVANI
10
107.1250
20
178.0000
30
0.0
0
SEQEND
8
GRAVIROVANI
0
POLYLINE
8
GRAVIROVANI
10
0.0
20
0.0
30
0.0
66
1
70
1
0
VERTEX
8
GRAVIROVANI
10
107.8750
20
178.0000
30
0.0
0
VERTEX
8
GRAVIROVANI
10
107.8750
20
176.8000
30
0.0
0
VERTEX
8
GRAVIROVANI
10
108.1250
20
176.8000
30
0.0
0
VERTEX
8
GRAVIROVANI
10
108.1250
20
178.0000
30
0.0
0
SEQEND
8
GRAVIROVANI
0
POLYLINE
8
GRAVIROVANI
10
0.0
20
0.0
30
0.0
66
1
70
1
0
VERTEX
8
GRAVIROVANI
10
108.8750
20
178.0000
30
0.0
0
VERTEX
8
GRAVIROVANI
10
108.8750
20
176.0000
30
0.0
0
VERTEX
8
GRAVIROVANI
10
109.1250
20
176.0000
30
0.0
0
VERTEX
8
GRAVIROVANI
10
109.1250
20
178.0000
30
0.0
0
SEQEND
8
GRAVIROVANI
0
POLYLINE
8
GRAVIROVANI
10
0.0
20
0.0
30
0.0
66
1
70
1
0
VERTEX
8
GRAVIROVANI
10
109.8750
20
178.0000
30
0.0
0
VERTEX
8
GRAVIROVANI
10
109.8750
20
173.0000
30
0.0
0
VERTEX
8
GRAVIROVANI
10
110.1250
20
173.0000
30
0.0
0
VERTEX
8
GRAVIROVANI
10
110.1250
20
178.0000
30
0.0
0
SEQEND
8
GRAVIROVANI
0
POLYLINE
8
GRAVIROVANI
10
0.0
20
0.0
30
0.0
66
1
70
1
0
VERTEX
8
GRAVIROVANI
10
110.8750
20
178.0000
30
0.0
0
VERTEX
8
GRAVIROVANI
10
110.8750
20
176.0000
30
0.0
0
VERTEX
8
GRAVIROVANI
10
111.1250
20
176.0000
30
0.0
0
VERTEX
8
GRAVIROVANI
10
111.1250
20
178.0000
30
0.0
0
SEQEND
8
GRAVIROVANI
0
POLYLINE
8
GRAVIROVANI
10
0.0
20
0.0
30
0.0
66
1
70
1
0
VERTEX
8
GRAVIROVANI
10
111.8750
20
178.0000
30
0.0
0
VERTEX
8
GRAVIROVANI
10
111.8750
20
176.0000
30
0.0
0
VERTEX
8
GRAVIROVANI
10
112.1250
20
176.0000
30
0.0
0
VERTEX
8
GRAVIROVANI
10
112.1250
20
178.0000
30
0.0
0
SEQEND
8
GRAVIROVANI
0
POLYLINE
8
GRAVIROVANI
10
0.0
20
0.0
30
0.0
66
1
70
1
0
VERTEX
8
GRAVIROVANI
10
112.8750
20
178.0000
30
0.0
0
VERTEX
8
GRAVIROVANI
10
112.8750
20
176.0000
30
0.0
0
VERTEX
8
GRAVIROVANI
10
113.1250
20
176.0000
30
0.0
0
VERTEX
8
GRAVIROVANI
10
113.1250
20
178.0000
30
0.0
0
SEQEND
8
GRAVIROVANI
0
POLYLINE
8
GRAVIROVANI
10
0.0
20
0.0
30
0.0
66
1
70
1
0
VERTEX
8
GRAVIROVANI
10
113.8750
20
178.0000
30
0.0
0
VERTEX
8
GRAVIROVANI
10
113.8750
20
176.0000
30
0.0
0
VERTEX
8
GRAVIROVANI
10
114.1250
20
176.0000
30
0.0
0
VERTEX
8
GRAVIROVANI
10
114.1250
20
178.0000
30
0.0
0
SEQEND
8
GRAVIROVANI
0
POLYLINE
8
GRAVIROVANI
10
0.0
20
0.0
30
0.0
66
1
70
1
0
VERTEX
8
GRAVIROVANI
10
114.8750
20
178.0000
30
0.0
0
VERTEX
8
GRAVIROVANI
10
114.8750
20
174.5000
30
0.0
0
VERTEX
8
GRAVIROVANI
10
115.1250
20
174.5000
30
0.0
0
VERTEX
8
GRAVIROVANI
10
115.1250
20
178.0000
30
0.0
0
SEQEND
8
GRAVIROVANI
0
POLYLINE
8
GRAVIROVANI
10
0.0
20
0.0
30
0.0
66
1
70
1
0
VERTEX
8
GRAVIROVANI
10
115.8750
20
178.0000
30
0.0
0
VERTEX
8
GRAVIROVANI
10
115.8750
20
176.0000
30
0.0
0
VERTEX
8
GRAVIROVANI
10
116.1250
20
176.0000
30
0.0
0
VERTEX
8
GRAVIROVANI
10
116.1250
20
178.0000
30
0.0
0
SEQEND
8
GRAVIROVANI
0
POLYLINE
8
GRAVIROVANI
10
0.0
20
0.0
30
0.0
66
1
70
1
0
VERTEX
8
GRAVIROVANI
10
116.8750
20
178.0000
30
0.0
0
VERTEX
8
GRAVIROVANI
10
116.8750
20
176.0000
30
0.0
0
VERTEX
8
GRAVIROVANI
10
117.1250
20
176.0000
30
0.0
0
VERTEX
8
GRAVIROVANI
10
117.1250
20
178.0000
30
0.0
0
SEQEND
8
GRAVIROVANI
0
POLYLINE
8
GRAVIROVANI
10
0.0
20
0.0
30
0.0
66
1
70
1
0
VERTEX
8
GRAVIROVANI
10
117.8750
20
178.0000
30
0.0
0
VERTEX
8
GRAVIROVANI
10
117.8750
20
176.0000
30
0.0
0
VERTEX
8
GRAVIROVANI
10
118.1250
20
176.0000
30
0.0
0
VERTEX
8
GRAVIROVANI
10
118.1250
20
178.0000
30
0.0
0
SEQEND
8
GRAVIROVANI
0
POLYLINE
8
GRAVIROVANI
10
0.0
20
0.0
30
0.0
66
1
70
1
0
VERTEX
8
GRAVIROVANI
10
118.8750
20
178.0000
30
0.0
0
VERTEX
8
GRAVIROVANI
10
118.8750
20
176.0000
30
0.0
0
VERTEX
8
GRAVIROVANI
10
119.1250
20
176.0000
30
0.0
0
VERTEX
8
GRAVIROVANI
10
119.1250
20
178.0000
30
0.0
0
SEQEND
8
GRAVIROVANI
0
POLYLINE
8
GRAVIROVANI
10
0.0
20
0.0
30
0.0
66
1
70
1
0
VERTEX
8
GRAVIROVANI
10
119.8750
20
178.0000
30
0.0
0
VERTEX
8
GRAVIROVANI
10
119.8750
20
173.0000
30
0.0
0
VERTEX
8
GRAVIROVANI
10
120.1250
20
173.0000
30
0.0
0
VERTEX
8
GRAVIROVANI
10
120.1250
20
178.0000
30
0.0
0
SEQEND
8
GRAVIROVANI
0
POLYLINE
8
GRAVIROVANI
10
0.0
20
0.0
30
0.0
66
1
70
1
0
VERTEX
8
GRAVIROVANI
10
120.8750
20
178.0000
30
0.0
0
VERTEX
8
GRAVIROVANI
10
120.8750
20
176.0000
30
0.0
0
VERTEX
8
GRAVIROVANI
10
121.1250
20
176.0000
30
0.0
0
VERTEX
8
GRAVIROVANI
10
121.1250
20
178.0000
30
0.0
0
SEQEND
8
GRAVIROVANI
0
POLYLINE
8
GRAVIROVANI
10
0.0
20
0.0
30
0.0
66
1
70
1
0
VERTEX
8
GRAVIROVANI
10
121.8750
20
178.0000
30
0.0
0
VERTEX
8
GRAVIROVANI
10
121.8750
20
176.0000
30
0.0
0
VERTEX
8
GRAVIROVANI
10
122.1250
20
176.0000
30
0.0
0
VERTEX
8
GRAVIROVANI
10
122.1250
20
178.0000
30
0.0
0
SEQEND
8
GRAVIROVANI
0
POLYLINE
8
GRAVIROVANI
10
0.0
20
0.0
30
0.0
66
1
70
1
0
VERTEX
8
GRAVIROVANI
10
122.8750
20
178.0000
30
0.0
0
VERTEX
8
GRAVIROVANI
10
122.8750
20
176.0000
30
0.0
0
VERTEX
8
GRAVIROVANI
10
123.1250
20
176.0000
30
0.0
0
VERTEX
8
GRAVIROVANI
10
123.1250
20
178.0000
30
0.0
0
SEQEND
8
GRAVIROVANI
0
POLYLINE
8
GRAVIROVANI
10
0.0
20
0.0
30
0.0
66
1
70
1
0
VERTEX
8
GRAVIROVANI
10
123.8750
20
178.0000
30
0.0
0
VERTEX
8
GRAVIROVANI
10
123.8750
20
176.0000
30
0.0
0
VERTEX
8
GRAVIROVANI
10
124.1250
20
176.0000
30
0.0
0
VERTEX
8
GRAVIROVANI
10
124.1250
20
178.0000
30
0.0
0
SEQEND
8
GRAVIROVANI
0
POLYLINE
8
GRAVIROVANI
10
0.0
20
0.0
30
0.0
66
1
70
1
0
VERTEX
8
GRAVIROVANI
10
124.8750
20
178.0000
30
0.0
0
VERTEX
8
GRAVIROVANI
10
124.8750
20
174.5000
30
0.0
0
VERTEX
8
GRAVIROVANI
10
125.1250
20
174.5000
30
0.0
0
VERTEX
8
GRAVIROVANI
10
125.1250
20
178.0000
30
0.0
0
SEQEND
8
GRAVIROVANI
0
POLYLINE
8
GRAVIROVANI
10
0.0
20
0.0
30
0.0
66
1
70
1
0
VERTEX
8
GRAVIROVANI
10
125.8750
20
178.0000
30
0.0
0
VERTEX
8
GRAVIROVANI
10
125.8750
20
176.0000
30
0.0
0
VERTEX
8
GRAVIROVANI
10
126.1250
20
176.0000
30
0.0
0
VERTEX
8
GRAVIROVANI
10
126.1250
20
178.0000
30
0.0
0
SEQEND
8
GRAVIROVANI
0
POLYLINE
8
GRAVIROVANI
10
0.0
20
0.0
30
0.0
66
1
70
1
0
VERTEX
8
GRAVIROVANI
10
126.8750
20
178.0000
30
0.0
0
VERTEX
8
GRAVIROVANI
10
126.8750
20
176.0000
30
0.0
0
VERTEX
8
GRAVIROVANI
10
127.1250
20
176.0000
30
0.0
0
VERTEX
8
GRAVIROVANI
10
127.1250
20
178.0000
30
0.0
0
SEQEND
8
GRAVIROVANI
0
POLYLINE
8
GRAVIROVANI
10
0.0
20
0.0
30
0.0
66
1
70
1
0
VERTEX
8
GRAVIROVANI
10
127.8750
20
178.0000
30
0.0
0
VERTEX
8
GRAVIROVANI
10
127.8750
20
176.0000
30
0.0
0
VERTEX
8
GRAVIROVANI
10
128.1250
20
176.0000
30
0.0
0
VERTEX
8
GRAVIROVANI
10
128.1250
20
178.0000
30
0.0
0
SEQEND
8
GRAVIROVANI
0
POLYLINE
8
GRAVIROVANI
10
0.0
20
0.0
30
0.0
66
1
70
1
0
VERTEX
8
GRAVIROVANI
10
128.8750
20
178.0000
30
0.0
0
VERTEX
8
GRAVIROVANI
10
128.8750
20
176.0000
30
0.0
0
VERTEX
8
GRAVIROVANI
10
129.1250
20
176.0000
30
0.0
0
VERTEX
8
GRAVIROVANI
10
129.1250
20
178.0000
30
0.0
0
SEQEND
8
GRAVIROVANI
0
POLYLINE
8
GRAVIROVANI
10
0.0
20
0.0
30
0.0
66
1
70
1
0
VERTEX
8
GRAVIROVANI
10
129.8750
20
178.0000
30
0.0
0
VERTEX
8
GRAVIROVANI
10
129.8750
20
173.0000
30
0.0
0
VERTEX
8
GRAVIROVANI
10
130.1250
20
173.0000
30
0.0
0
VERTEX
8
GRAVIROVANI
10
130.1250
20
178.0000
30
0.0
0
SEQEND
8
GRAVIROVANI
0
POLYLINE
8
GRAVIROVANI
10
0.0
20
0.0
30
0.0
66
1
70
1
0
VERTEX
8
GRAVIROVANI
10
130.8750
20
178.0000
30
0.0
0
VERTEX
8
GRAVIROVANI
10
130.8750
20
176.0000
30
0.0
0
VERTEX
8
GRAVIROVANI
10
131.1250
20
176.0000
30
0.0
0
VERTEX
8
GRAVIROVANI
10
131.1250
20
178.0000
30
0.0
0
SEQEND
8
GRAVIROVANI
0
POLYLINE
8
GRAVIROVANI
10
0.0
20
0.0
30
0.0
66
1
70
1
0
VERTEX
8
GRAVIROVANI
10
131.8750
20
178.0000
30
0.0
0
VERTEX
8
GRAVIROVANI
10
131.8750
20
176.0000
30
0.0
0
VERTEX
8
GRAVIROVANI
10
132.1250
20
176.0000
30
0.0
0
VERTEX
8
GRAVIROVANI
10
132.1250
20
178.0000
30
0.0
0
SEQEND
8
GRAVIROVANI
0
POLYLINE
8
GRAVIROVANI
10
0.0
20
0.0
30
0.0
66
1
70
1
0
VERTEX
8
GRAVIROVANI
10
132.8750
20
178.0000
30
0.0
0
VERTEX
8
GRAVIROVANI
10
132.8750
20
176.0000
30
0.0
0
VERTEX
8
GRAVIROVANI
10
133.1250
20
176.0000
30
0.0
0
VERTEX
8
GRAVIROVANI
10
133.1250
20
178.0000
30
0.0
0
SEQEND
8
GRAVIROVANI
0
POLYLINE
8
GRAVIROVANI
10
0.0
20
0.0
30
0.0
66
1
70
1
0
VERTEX
8
GRAVIROVANI
10
133.8750
20
178.0000
30
0.0
0
VERTEX
8
GRAVIROVANI
10
133.8750
20
176.0000
30
0.0
0
VERTEX
8
GRAVIROVANI
10
134.1250
20
176.0000
30
0.0
0
VERTEX
8
GRAVIROVANI
10
134.1250
20
178.0000
30
0.0
0
SEQEND
8
GRAVIROVANI
0
POLYLINE
8
GRAVIROVANI
10
0.0
20
0.0
30
0.0
66
1
70
1
0
VERTEX
8
GRAVIROVANI
10
134.8750
20
178.0000
30
0.0
0
VERTEX
8
GRAVIROVANI
10
134.8750
20
174.5000
30
0.0
0
VERTEX
8
GRAVIROVANI
10
135.1250
20
174.5000
30
0.0
0
VERTEX
8
GRAVIROVANI
10
135.1250
20
178.0000
30
0.0
0
SEQEND
8
GRAVIROVANI
0
POLYLINE
8
GRAVIROVANI
10
0.0
20
0.0
30
0.0
66
1
70
1
0
VERTEX
8
GRAVIROVANI
10
135.8750
20
178.0000
30
0.0
0
VERTEX
8
GRAVIROVANI
10
135.8750
20
176.0000
30
0.0
0
VERTEX
8
GRAVIROVANI
10
136.1250
20
176.0000
30
0.0
0
VERTEX
8
GRAVIROVANI
10
136.1250
20
178.0000
30
0.0
0
SEQEND
8
GRAVIROVANI
0
POLYLINE
8
GRAVIROVANI
10
0.0
20
0.0
30
0.0
66
1
70
1
0
VERTEX
8
GRAVIROVANI
10
136.8750
20
178.0000
30
0.0
0
VERTEX
8
GRAVIROVANI
10
136.8750
20
176.0000
30
0.0
0
VERTEX
8
GRAVIROVANI
10
137.1250
20
176.0000
30
0.0
0
VERTEX
8
GRAVIROVANI
10
137.1250
20
178.0000
30
0.0
0
SEQEND
8
GRAVIROVANI
0
POLYLINE
8
GRAVIROVANI
10
0.0
20
0.0
30
0.0
66
1
70
1
0
VERTEX
8
GRAVIROVANI
10
137.8750
20
178.0000
30
0.0
0
VERTEX
8
GRAVIROVANI
10
137.8750
20
176.0000
30
0.0
0
VERTEX
8
GRAVIROVANI
10
138.1250
20
176.0000
30
0.0
0
VERTEX
8
GRAVIROVANI
10
138.1250
20
178.0000
30
0.0
0
SEQEND
8
GRAVIROVANI
0
POLYLINE
8
GRAVIROVANI
10
0.0
20
0.0
30
0.0
66
1
70
1
0
VERTEX
8
GRAVIROVANI
10
138.8750
20
178.0000
30
0.0
0
VERTEX
8
GRAVIROVANI
10
138.8750
20
176.0000
30
0.0
0
VERTEX
8
GRAVIROVANI
10
139.1250
20
176.0000
30
0.0
0
VERTEX
8
GRAVIROVANI
10
139.1250
20
178.0000
30
0.0
0
SEQEND
8
GRAVIROVANI
0
POLYLINE
8
GRAVIROVANI
10
0.0
20
0.0
30
0.0
66
1
70
1
0
VERTEX
8
GRAVIROVANI
10
139.8750
20
178.0000
30
0.0
0
VERTEX
8
GRAVIROVANI
10
139.8750
20
173.0000
30
0.0
0
VERTEX
8
GRAVIROVANI
10
140.1250
20
173.0000
30
0.0
0
VERTEX
8
GRAVIROVANI
10
140.1250
20
178.0000
30
0.0
0
SEQEND
8
GRAVIROVANI
0
POLYLINE
8
GRAVIROVANI
10
0.0
20
0.0
30
0.0
66
1
70
1
0
VERTEX
8
GRAVIROVANI
10
140.8750
20
178.0000
30
0.0
0
VERTEX
8
GRAVIROVANI
10
140.8750
20
176.0000
30
0.0
0
VERTEX
8
GRAVIROVANI
10
141.1250
20
176.0000
30
0.0
0
VERTEX
8
GRAVIROVANI
10
141.1250
20
178.0000
30
0.0
0
SEQEND
8
GRAVIROVANI
0
POLYLINE
8
GRAVIROVANI
10
0.0
20
0.0
30
0.0
66
1
70
1
0
VERTEX
8
GRAVIROVANI
10
141.8750
20
178.0000
30
0.0
0
VERTEX
8
GRAVIROVANI
10
141.8750
20
176.0000
30
0.0
0
VERTEX
8
GRAVIROVANI
10
142.1250
20
176.0000
30
0.0
0
VERTEX
8
GRAVIROVANI
10
142.1250
20
178.0000
30
0.0
0
SEQEND
8
GRAVIROVANI
0
POLYLINE
8
GRAVIROVANI
10
0.0
20
0.0
30
0.0
66
1
70
1
0
VERTEX
8
GRAVIROVANI
10
142.8750
20
178.0000
30
0.0
0
VERTEX
8
GRAVIROVANI
10
142.8750
20
176.0000
30
0.0
0
VERTEX
8
GRAVIROVANI
10
143.1250
20
176.0000
30
0.0
0
VERTEX
8
GRAVIROVANI
10
143.1250
20
178.0000
30
0.0
0
SEQEND
8
GRAVIROVANI
0
POLYLINE
8
GRAVIROVANI
10
0.0
20
0.0
30
0.0
66
1
70
1
0
VERTEX
8
GRAVIROVANI
10
143.8750
20
178.0000
30
0.0
0
VERTEX
8
GRAVIROVANI
10
143.8750
20
176.0000
30
0.0
0
VERTEX
8
GRAVIROVANI
10
144.1250
20
176.0000
30
0.0
0
VERTEX
8
GRAVIROVANI
10
144.1250
20
178.0000
30
0.0
0
SEQEND
8
GRAVIROVANI
0
POLYLINE
8
GRAVIROVANI
10
0.0
20
0.0
30
0.0
66
1
70
1
0
VERTEX
8
GRAVIROVANI
10
144.8750
20
178.0000
30
0.0
0
VERTEX
8
GRAVIROVANI
10
144.8750
20
174.5000
30
0.0
0
VERTEX
8
GRAVIROVANI
10
145.1250
20
174.5000
30
0.0
0
VERTEX
8
GRAVIROVANI
10
145.1250
20
178.0000
30
0.0
0
SEQEND
8
GRAVIROVANI
0
POLYLINE
8
GRAVIROVANI
10
0.0
20
0.0
30
0.0
66
1
70
1
0
VERTEX
8
GRAVIROVANI
10
1.2000
20
176.2750
30
0.0
0
VERTEX
8
GRAVIROVANI
10
2.7600
20
176.2750
30
0.0
0
VERTEX
8
GRAVIROVANI
10
2.7600
20
176.5250
30
0.0
0
VERTEX
8
GRAVIROVANI
10
1.2000
20
176.5250
30
0.0
0
SEQEND
8
GRAVIROVANI
0
POLYLINE
8
GRAVIROVANI
10
0.0
20
0.0
30
0.0
66
1
70
1
0
VERTEX
8
GRAVIROVANI
10
1.0750
20
176.4000
30
0.0
0
VERTEX
8
GRAVIROVANI
10
1.0750
20
175.1000
30
0.0
0
VERTEX
8
GRAVIROVANI
10
1.3250
20
175.1000
30
0.0
0
VERTEX
8
GRAVIROVANI
10
1.3250
20
176.4000
30
0.0
0
SEQEND
8
GRAVIROVANI
0
POLYLINE
8
GRAVIROVANI
10
0.0
20
0.0
30
0.0
66
1
70
1
0
VERTEX
8
GRAVIROVANI
10
2.6350
20
176.4000
30
0.0
0
VERTEX
8
GRAVIROVANI
10
2.6350
20
175.1000
30
0.0
0
VERTEX
8
GRAVIROVANI
10
2.8850
20
175.1000
30
0.0
0
VERTEX
8
GRAVIROVANI
10
2.8850
20
176.4000
30
0.0
0
SEQEND
8
GRAVIROVANI
0
POLYLINE
8
GRAVIROVANI
10
0.0
20
0.0
30
0.0
66
1
70
1
0
VERTEX
8
GRAVIROVANI
10
1.0750
20
175.1000
30
0.0
0
VERTEX
8
GRAVIROVANI
10
1.0750
20
173.8000
30
0.0
0
VERTEX
8
GRAVIROVANI
10
1.3250
20
173.8000
30
0.0
0
VERTEX
8
GRAVIROVANI
10
1.3250
20
175.1000
30
0.0
0
SEQEND
8
GRAVIROVANI
0
POLYLINE
8
GRAVIROVANI
10
0.0
20
0.0
30
0.0
66
1
70
1
0
VERTEX
8
GRAVIROVANI
10
2.6350
20
175.1000
30
0.0
0
VERTEX
8
GRAVIROVANI
10
2.6350
20
173.8000
30
0.0
0
VERTEX
8
GRAVIROVANI
10
2.8850
20
173.8000
30
0.0
0
VERTEX
8
GRAVIROVANI
10
2.8850
20
175.1000
30
0.0
0
SEQEND
8
GRAVIROVANI
0
POLYLINE
8
GRAVIROVANI
10
0.0
20
0.0
30
0.0
66
1
70
1
0
VERTEX
8
GRAVIROVANI
10
1.2000
20
173.6750
30
0.0
0
VERTEX
8
GRAVIROVANI
10
2.7600
20
173.6750
30
0.0
0
VERTEX
8
GRAVIROVANI
10
2.7600
20
173.9250
30
0.0
0
VERTEX
8
GRAVIROVANI
10
1.2000
20
173.9250
30
0.0
0
SEQEND
8
GRAVIROVANI
0
POLYLINE
8
GRAVIROVANI
10
0.0
20
0.0
30
0.0
66
1
70
1
0
VERTEX
8
GRAVIROVANI
10
51.2000
20
176.2750
30
0.0
0
VERTEX
8
GRAVIROVANI
10
52.7600
20
176.2750
30
0.0
0
VERTEX
8
GRAVIROVANI
10
52.7600
20
176.5250
30
0.0
0
VERTEX
8
GRAVIROVANI
10
51.2000
20
176.5250
30
0.0
0
SEQEND
8
GRAVIROVANI
0
POLYLINE
8
GRAVIROVANI
10
0.0
20
0.0
30
0.0
66
1
70
1
0
VERTEX
8
GRAVIROVANI
10
51.0750
20
176.4000
30
0.0
0
VERTEX
8
GRAVIROVANI
10
51.0750
20
175.1000
30
0.0
0
VERTEX
8
GRAVIROVANI
10
51.3250
20
175.1000
30
0.0
0
VERTEX
8
GRAVIROVANI
10
51.3250
20
176.4000
30
0.0
0
SEQEND
8
GRAVIROVANI
0
POLYLINE
8
GRAVIROVANI
10
0.0
20
0.0
30
0.0
66
1
70
1
0
VERTEX
8
GRAVIROVANI
10
51.2000
20
174.9750
30
0.0
0
VERTEX
8
GRAVIROVANI
10
52.7600
20
174.9750
30
0.0
0
VERTEX
8
GRAVIROVANI
10
52.7600
20
175.2250
30
0.0
0
VERTEX
8
GRAVIROVANI
10
51.2000
20
175.2250
30
0.0
0
SEQEND
8
GRAVIROVANI
0
POLYLINE
8
GRAVIROVANI
10
0.0
20
0.0
30
0.0
66
1
70
1
0
VERTEX
8
GRAVIROVANI
10
52.6350
20
175.1000
30
0.0
0
VERTEX
8
GRAVIROVANI
10
52.6350
20
173.8000
30
0.0
0
VERTEX
8
GRAVIROVANI
10
52.8850
20
173.8000
30
0.0
0
VERTEX
8
GRAVIROVANI
10
52.8850
20
175.1000
30
0.0
0
SEQEND
8
GRAVIROVANI
0
POLYLINE
8
GRAVIROVANI
10
0.0
20
0.0
30
0.0
66
1
70
1
0
VERTEX
8
GRAVIROVANI
10
51.2000
20
173.6750
30
0.0
0
VERTEX
8
GRAVIROVANI
10
52.7600
20
173.6750
30
0.0
0
VERTEX
8
GRAVIROVANI
10
52.7600
20
173.9250
30
0.0
0
VERTEX
8
GRAVIROVANI
10
51.2000
20
173.9250
30
0.0
0
SEQEND
8
GRAVIROVANI
0
POLYLINE
8
GRAVIROVANI
10
0.0
20
0.0
30
0.0
66
1
70
1
0
VERTEX
8
GRAVIROVANI
10
53.4100
20
176.2750
30
0.0
0
VERTEX
8
GRAVIROVANI
10
54.9700
20
176.2750
30
0.0
0
VERTEX
8
GRAVIROVANI
10
54.9700
20
176.5250
30
0.0
0
VERTEX
8
GRAVIROVANI
10
53.4100
20
176.5250
30
0.0
0
SEQEND
8
GRAVIROVANI
0
POLYLINE
8
GRAVIROVANI
10
0.0
20
0.0
30
0.0
66
1
70
1
0
VERTEX
8
GRAVIROVANI
10
53.2850
20
176.4000
30
0.0
0
VERTEX
8
GRAVIROVANI
10
53.2850
20
175.1000
30
0.0
0
VERTEX
8
GRAVIROVANI
10
53.5350
20
175.1000
30
0.0
0
VERTEX
8
GRAVIROVANI
10
53.5350
20
176.4000
30
0.0
0
SEQEND
8
GRAVIROVANI
0
POLYLINE
8
GRAVIROVANI
10
0.0
20
0.0
30
0.0
66
1
70
1
0
VERTEX
8
GRAVIROVANI
10
54.8450
20
176.4000
30
0.0
0
VERTEX
8
GRAVIROVANI
10
54.8450
20
175.1000
30
0.0
0
VERTEX
8
GRAVIROVANI
10
55.0950
20
175.1000
30
0.0
0
VERTEX
8
GRAVIROVANI
10
55.0950
20
176.4000
30
0.0
0
SEQEND
8
GRAVIROVANI
0
POLYLINE
8
GRAVIROVANI
10
0.0
20
0.0
30
0.0
66
1
70
1
0
VERTEX
8
GRAVIROVANI
10
53.2850
20
175.1000
30
0.0
0
VERTEX
8
GRAVIROVANI
10
53.2850
20
173.8000
30
0.0
0
VERTEX
8
GRAVIROVANI
10
53.5350
20
173.8000
30
0.0
0
VERTEX
8
GRAVIROVANI
10
53.5350
20
175.1000
30
0.0
0
SEQEND
8
GRAVIROVANI
0
POLYLINE
8
GRAVIROVANI
10
0.0
20
0.0
30
0.0
66
1
70
1
0
VERTEX
8
GRAVIROVANI
10
54.8450
20
175.1000
30
0.0
0
VERTEX
8
GRAVIROVANI
10
54.8450
20
173.8000
30
0.0
0
VERTEX
8
GRAVIROVANI
10
55.0950
20
173.8000
30
0.0
0
VERTEX
8
GRAVIROVANI
10
55.0950
20
175.1000
30
0.0
0
SEQEND
8
GRAVIROVANI
0
POLYLINE
8
GRAVIROVANI
10
0.0
20
0.0
30
0.0
66
1
70
1
0
VERTEX
8
GRAVIROVANI
10
53.4100
20
173.6750
30
0.0
0
VERTEX
8
GRAVIROVANI
10
54.9700
20
173.6750
30
0.0
0
VERTEX
8
GRAVIROVANI
10
54.9700
20
173.9250
30
0.0
0
VERTEX
8
GRAVIROVANI
10
53.4100
20
173.9250
30
0.0
0
SEQEND
8
GRAVIROVANI
0
POLYLINE
8
GRAVIROVANI
10
0.0
20
0.0
30
0.0
66
1
70
1
0
VERTEX
8
GRAVIROVANI
10
102.6350
20
176.4000
30
0.0
0
VERTEX
8
GRAVIROVANI
10
102.6350
20
175.1000
30
0.0
0
VERTEX
8
GRAVIROVANI
10
102.8850
20
175.1000
30
0.0
0
VERTEX
8
GRAVIROVANI
10
102.8850
20
176.4000
30
0.0
0
SEQEND
8
GRAVIROVANI
0
POLYLINE
8
GRAVIROVANI
10
0.0
20
0.0
30
0.0
66
1
70
1
0
VERTEX
8
GRAVIROVANI
10
102.6350
20
175.1000
30
0.0
0
VERTEX
8
GRAVIROVANI
10
102.6350
20
173.8000
30
0.0
0
VERTEX
8
GRAVIROVANI
10
102.8850
20
173.8000
30
0.0
0
VERTEX
8
GRAVIROVANI
10
102.8850
20
175.1000
30
0.0
0
SEQEND
8
GRAVIROVANI
0
POLYLINE
8
GRAVIROVANI
10
0.0
20
0.0
30
0.0
66
1
70
1
0
VERTEX
8
GRAVIROVANI
10
103.4100
20
176.2750
30
0.0
0
VERTEX
8
GRAVIROVANI
10
104.9700
20
176.2750
30
0.0
0
VERTEX
8
GRAVIROVANI
10
104.9700
20
176.5250
30
0.0
0
VERTEX
8
GRAVIROVANI
10
103.4100
20
176.5250
30
0.0
0
SEQEND
8
GRAVIROVANI
0
POLYLINE
8
GRAVIROVANI
10
0.0
20
0.0
30
0.0
66
1
70
1
0
VERTEX
8
GRAVIROVANI
10
103.2850
20
176.4000
30
0.0
0
VERTEX
8
GRAVIROVANI
10
103.2850
20
175.1000
30
0.0
0
VERTEX
8
GRAVIROVANI
10
103.5350
20
175.1000
30
0.0
0
VERTEX
8
GRAVIROVANI
10
103.5350
20
176.4000
30
0.0
0
SEQEND
8
GRAVIROVANI
0
POLYLINE
8
GRAVIROVANI
10
0.0
20
0.0
30
0.0
66
1
70
1
0
VERTEX
8
GRAVIROVANI
10
104.8450
20
176.4000
30
0.0
0
VERTEX
8
GRAVIROVANI
10
104.8450
20
175.1000
30
0.0
0
VERTEX
8
GRAVIROVANI
10
105.0950
20
175.1000
30
0.0
0
VERTEX
8
GRAVIROVANI
10
105.0950
20
176.4000
30
0.0
0
SEQEND
8
GRAVIROVANI
0
POLYLINE
8
GRAVIROVANI
10
0.0
20
0.0
30
0.0
66
1
70
1
0
VERTEX
8
GRAVIROVANI
10
103.2850
20
175.1000
30
0.0
0
VERTEX
8
GRAVIROVANI
10
103.2850
20
173.8000
30
0.0
0
VERTEX
8
GRAVIROVANI
10
103.5350
20
173.8000
30
0.0
0
VERTEX
8
GRAVIROVANI
10
103.5350
20
175.1000
30
0.0
0
SEQEND
8
GRAVIROVANI
0
POLYLINE
8
GRAVIROVANI
10
0.0
20
0.0
30
0.0
66
1
70
1
0
VERTEX
8
GRAVIROVANI
10
104.8450
20
175.1000
30
0.0
0
VERTEX
8
GRAVIROVANI
10
104.8450
20
173.8000
30
0.0
0
VERTEX
8
GRAVIROVANI
10
105.0950
20
173.8000
30
0.0
0
VERTEX
8
GRAVIROVANI
10
105.0950
20
175.1000
30
0.0
0
SEQEND
8
GRAVIROVANI
0
POLYLINE
8
GRAVIROVANI
10
0.0
20
0.0
30
0.0
66
1
70
1
0
VERTEX
8
GRAVIROVANI
10
103.4100
20
173.6750
30
0.0
0
VERTEX
8
GRAVIROVANI
10
104.9700
20
173.6750
30
0.0
0
VERTEX
8
GRAVIROVANI
10
104.9700
20
173.9250
30
0.0
0
VERTEX
8
GRAVIROVANI
10
103.4100
20
173.9250
30
0.0
0
SEQEND
8
GRAVIROVANI
0
POLYLINE
8
GRAVIROVANI
10
0.0
20
0.0
30
0.0
66
1
70
1
0
VERTEX
8
GRAVIROVANI
10
105.6200
20
176.2750
30
0.0
0
VERTEX
8
GRAVIROVANI
10
107.1800
20
176.2750
30
0.0
0
VERTEX
8
GRAVIROVANI
10
107.1800
20
176.5250
30
0.0
0
VERTEX
8
GRAVIROVANI
10
105.6200
20
176.5250
30
0.0
0
SEQEND
8
GRAVIROVANI
0
POLYLINE
8
GRAVIROVANI
10
0.0
20
0.0
30
0.0
66
1
70
1
0
VERTEX
8
GRAVIROVANI
10
105.4950
20
176.4000
30
0.0
0
VERTEX
8
GRAVIROVANI
10
105.4950
20
175.1000
30
0.0
0
VERTEX
8
GRAVIROVANI
10
105.7450
20
175.1000
30
0.0
0
VERTEX
8
GRAVIROVANI
10
105.7450
20
176.4000
30
0.0
0
SEQEND
8
GRAVIROVANI
0
POLYLINE
8
GRAVIROVANI
10
0.0
20
0.0
30
0.0
66
1
70
1
0
VERTEX
8
GRAVIROVANI
10
107.0550
20
176.4000
30
0.0
0
VERTEX
8
GRAVIROVANI
10
107.0550
20
175.1000
30
0.0
0
VERTEX
8
GRAVIROVANI
10
107.3050
20
175.1000
30
0.0
0
VERTEX
8
GRAVIROVANI
10
107.3050
20
176.4000
30
0.0
0
SEQEND
8
GRAVIROVANI
0
POLYLINE
8
GRAVIROVANI
10
0.0
20
0.0
30
0.0
66
1
70
1
0
VERTEX
8
GRAVIROVANI
10
105.4950
20
175.1000
30
0.0
0
VERTEX
8
GRAVIROVANI
10
105.4950
20
173.8000
30
0.0
0
VERTEX
8
GRAVIROVANI
10
105.7450
20
173.8000
30
0.0
0
VERTEX
8
GRAVIROVANI
10
105.7450
20
175.1000
30
0.0
0
SEQEND
8
GRAVIROVANI
0
POLYLINE
8
GRAVIROVANI
10
0.0
20
0.0
30
0.0
66
1
70
1
0
VERTEX
8
GRAVIROVANI
10
107.0550
20
175.1000
30
0.0
0
VERTEX
8
GRAVIROVANI
10
107.0550
20
173.8000
30
0.0
0
VERTEX
8
GRAVIROVANI
10
107.3050
20
173.8000
30
0.0
0
VERTEX
8
GRAVIROVANI
10
107.3050
20
175.1000
30
0.0
0
SEQEND
8
GRAVIROVANI
0
POLYLINE
8
GRAVIROVANI
10
0.0
20
0.0
30
0.0
66
1
70
1
0
VERTEX
8
GRAVIROVANI
10
105.6200
20
173.6750
30
0.0
0
VERTEX
8
GRAVIROVANI
10
107.1800
20
173.6750
30
0.0
0
VERTEX
8
GRAVIROVANI
10
107.1800
20
173.9250
30
0.0
0
VERTEX
8
GRAVIROVANI
10
105.6200
20
173.9250
30
0.0
0
SEQEND
8
GRAVIROVANI
0
POLYLINE
8
GRAVIROVANI
10
0.0
20
0.0
30
0.0
66
1
70
1
0
VERTEX
8
GRAVIROVANI
10
39.0000
20
168.8750
30
0.0
0
VERTEX
8
GRAVIROVANI
10
134.6870
20
168.8750
30
0.0
0
VERTEX
8
GRAVIROVANI
10
134.6870
20
169.1250
30
0.0
0
VERTEX
8
GRAVIROVANI
10
39.0000
20
169.1250
30
0.0
0
SEQEND
8
GRAVIROVANI
0
POLYLINE
8
GRAVIROVANI
10
0.0
20
0.0
30
0.0
66
1
70
1
0
VERTEX
8
GRAVIROVANI
10
139.2870
20
168.8750
30
0.0
0
VERTEX
8
GRAVIROVANI
10
145.2870
20
168.8750
30
0.0
0
VERTEX
8
GRAVIROVANI
10
145.2870
20
169.1250
30
0.0
0
VERTEX
8
GRAVIROVANI
10
139.2870
20
169.1250
30
0.0
0
SEQEND
8
GRAVIROVANI
0
POLYLINE
8
GRAVIROVANI
10
0.0
20
0.0
30
0.0
66
1
70
1
0
VERTEX
8
GRAVIROVANI
10
135.1620
20
170.0000
30
0.0
0
VERTEX
8
GRAVIROVANI
10
135.1620
20
169.0000
30
0.0
0
VERTEX
8
GRAVIROVANI
10
135.4120
20
169.0000
30
0.0
0
VERTEX
8
GRAVIROVANI
10
135.4120
20
170.0000
30
0.0
0
SEQEND
8
GRAVIROVANI
0
POLYLINE
8
GRAVIROVANI
10
0.0
20
0.0
30
0.0
66
1
70
1
0
VERTEX
8
GRAVIROVANI
10
136.3620
20
170.0000
30
0.0
0
VERTEX
8
GRAVIROVANI
10
136.3620
20
169.0000
30
0.0
0
VERTEX
8
GRAVIROVANI
10
136.6120
20
169.0000
30
0.0
0
VERTEX
8
GRAVIROVANI
10
136.6120
20
170.0000
30
0.0
0
SEQEND
8
GRAVIROVANI
0
POLYLINE
8
GRAVIROVANI
10
0.0
20
0.0
30
0.0
66
1
70
1
0
VERTEX
8
GRAVIROVANI
10
135.2870
20
168.8750
30
0.0
0
VERTEX
8
GRAVIROVANI
10
136.4870
20
168.8750
30
0.0
0
VERTEX
8
GRAVIROVANI
10
136.4870
20
169.1250
30
0.0
0
VERTEX
8
GRAVIROVANI
10
135.2870
20
169.1250
30
0.0
0
SEQEND
8
GRAVIROVANI
0
POLYLINE
8
GRAVIROVANI
10
0.0
20
0.0
30
0.0
66
1
70
1
0
VERTEX
8
GRAVIROVANI
10
136.3620
20
169.0000
30
0.0
0
VERTEX
8
GRAVIROVANI
10
136.3620
20
168.0000
30
0.0
0
VERTEX
8
GRAVIROVANI
10
136.6120
20
168.0000
30
0.0
0
VERTEX
8
GRAVIROVANI
10
136.6120
20
169.0000
30
0.0
0
SEQEND
8
GRAVIROVANI
0
POLYLINE
8
GRAVIROVANI
10
0.0
20
0.0
30
0.0
66
1
70
1
0
VERTEX
8
GRAVIROVANI
10
136.9870
20
169.8750
30
0.0
0
VERTEX
8
GRAVIROVANI
10
138.1870
20
169.8750
30
0.0
0
VERTEX
8
GRAVIROVANI
10
138.1870
20
170.1250
30
0.0
0
VERTEX
8
GRAVIROVANI
10
136.9870
20
170.1250
30
0.0
0
SEQEND
8
GRAVIROVANI
0
POLYLINE
8
GRAVIROVANI
10
0.0
20
0.0
30
0.0
66
1
70
1
0
VERTEX
8
GRAVIROVANI
10
136.8620
20
170.0000
30
0.0
0
VERTEX
8
GRAVIROVANI
10
136.8620
20
169.0000
30
0.0
0
VERTEX
8
GRAVIROVANI
10
137.1120
20
169.0000
30
0.0
0
VERTEX
8
GRAVIROVANI
10
137.1120
20
170.0000
30
0.0
0
SEQEND
8
GRAVIROVANI
0
POLYLINE
8
GRAVIROVANI
10
0.0
20
0.0
30
0.0
66
1
70
1
0
VERTEX
8
GRAVIROVANI
10
136.9870
20
168.8750
30
0.0
0
VERTEX
8
GRAVIROVANI
10
138.1870
20
168.8750
30
0.0
0
VERTEX
8
GRAVIROVANI
10
138.1870
20
169.1250
30
0.0
0
VERTEX
8
GRAVIROVANI
10
136.9870
20
169.1250
30
0.0
0
SEQEND
8
GRAVIROVANI
0
POLYLINE
8
GRAVIROVANI
10
0.0
20
0.0
30
0.0
66
1
70
1
0
VERTEX
8
GRAVIROVANI
10
138.0620
20
169.0000
30
0.0
0
VERTEX
8
GRAVIROVANI
10
138.0620
20
168.0000
30
0.0
0
VERTEX
8
GRAVIROVANI
10
138.3120
20
168.0000
30
0.0
0
VERTEX
8
GRAVIROVANI
10
138.3120
20
169.0000
30
0.0
0
SEQEND
8
GRAVIROVANI
0
POLYLINE
8
GRAVIROVANI
10
0.0
20
0.0
30
0.0
66
1
70
1
0
VERTEX
8
GRAVIROVANI
10
136.9870
20
167.8750
30
0.0
0
VERTEX
8
GRAVIROVANI
10
138.1870
20
167.8750
30
0.0
0
VERTEX
8
GRAVIROVANI
10
138.1870
20
168.1250
30
0.0
0
VERTEX
8
GRAVIROVANI
10
136.9870
20
168.1250
30
0.0
0
SEQEND
8
GRAVIROVANI
0
POLYLINE
8
GRAVIROVANI
10
0.0
20
0.0
30
0.0
66
1
70
1
0
VERTEX
8
GRAVIROVANI
10
39.0000
20
123.8750
30
0.0
0
VERTEX
8
GRAVIROVANI
10
134.6870
20
123.8750
30
0.0
0
VERTEX
8
GRAVIROVANI
10
134.6870
20
124.1250
30
0.0
0
VERTEX
8
GRAVIROVANI
10
39.0000
20
124.1250
30
0.0
0
SEQEND
8
GRAVIROVANI
0
POLYLINE
8
GRAVIROVANI
10
0.0
20
0.0
30
0.0
66
1
70
1
0
VERTEX
8
GRAVIROVANI
10
139.2870
20
123.8750
30
0.0
0
VERTEX
8
GRAVIROVANI
10
145.2870
20
123.8750
30
0.0
0
VERTEX
8
GRAVIROVANI
10
145.2870
20
124.1250
30
0.0
0
VERTEX
8
GRAVIROVANI
10
139.2870
20
124.1250
30
0.0
0
SEQEND
8
GRAVIROVANI
0
POLYLINE
8
GRAVIROVANI
10
0.0
20
0.0
30
0.0
66
1
70
1
0
VERTEX
8
GRAVIROVANI
10
135.1620
20
125.0000
30
0.0
0
VERTEX
8
GRAVIROVANI
10
135.1620
20
124.0000
30
0.0
0
VERTEX
8
GRAVIROVANI
10
135.4120
20
124.0000
30
0.0
0
VERTEX
8
GRAVIROVANI
10
135.4120
20
125.0000
30
0.0
0
SEQEND
8
GRAVIROVANI
0
POLYLINE
8
GRAVIROVANI
10
0.0
20
0.0
30
0.0
66
1
70
1
0
VERTEX
8
GRAVIROVANI
10
136.3620
20
125.0000
30
0.0
0
VERTEX
8
GRAVIROVANI
10
136.3620
20
124.0000
30
0.0
0
VERTEX
8
GRAVIROVANI
10
136.6120
20
124.0000
30
0.0
0
VERTEX
8
GRAVIROVANI
10
136.6120
20
125.0000
30
0.0
0
SEQEND
8
GRAVIROVANI
0
POLYLINE
8
GRAVIROVANI
10
0.0
20
0.0
30
0.0
66
1
70
1
0
VERTEX
8
GRAVIROVANI
10
135.2870
20
123.8750
30
0.0
0
VERTEX
8
GRAVIROVANI
10
136.4870
20
123.8750
30
0.0
0
VERTEX
8
GRAVIROVANI
10
136.4870
20
124.1250
30
0.0
0
VERTEX
8
GRAVIROVANI
10
135.2870
20
124.1250
30
0.0
0
SEQEND
8
GRAVIROVANI
0
POLYLINE
8
GRAVIROVANI
10
0.0
20
0.0
30
0.0
66
1
70
1
0
VERTEX
8
GRAVIROVANI
10
136.3620
20
124.0000
30
0.0
0
VERTEX
8
GRAVIROVANI
10
136.3620
20
123.0000
30
0.0
0
VERTEX
8
GRAVIROVANI
10
136.6120
20
123.0000
30
0.0
0
VERTEX
8
GRAVIROVANI
10
136.6120
20
124.0000
30
0.0
0
SEQEND
8
GRAVIROVANI
0
POLYLINE
8
GRAVIROVANI
10
0.0
20
0.0
30
0.0
66
1
70
1
0
VERTEX
8
GRAVIROVANI
10
136.9870
20
124.8750
30
0.0
0
VERTEX
8
GRAVIROVANI
10
138.1870
20
124.8750
30
0.0
0
VERTEX
8
GRAVIROVANI
10
138.1870
20
125.1250
30
0.0
0
VERTEX
8
GRAVIROVANI
10
136.9870
20
125.1250
30
0.0
0
SEQEND
8
GRAVIROVANI
0
POLYLINE
8
GRAVIROVANI
10
0.0
20
0.0
30
0.0
66
1
70
1
0
VERTEX
8
GRAVIROVANI
10
136.8620
20
125.0000
30
0.0
0
VERTEX
8
GRAVIROVANI
10
136.8620
20
124.0000
30
0.0
0
VERTEX
8
GRAVIROVANI
10
137.1120
20
124.0000
30
0.0
0
VERTEX
8
GRAVIROVANI
10
137.1120
20
125.0000
30
0.0
0
SEQEND
8
GRAVIROVANI
0
POLYLINE
8
GRAVIROVANI
10
0.0
20
0.0
30
0.0
66
1
70
1
0
VERTEX
8
GRAVIROVANI
10
136.9870
20
123.8750
30
0.0
0
VERTEX
8
GRAVIROVANI
10
138.1870
20
123.8750
30
0.0
0
VERTEX
8
GRAVIROVANI
10
138.1870
20
124.1250
30
0.0
0
VERTEX
8
GRAVIROVANI
10
136.9870
20
124.1250
30
0.0
0
SEQEND
8
GRAVIROVANI
0
POLYLINE
8
GRAVIROVANI
10
0.0
20
0.0
30
0.0
66
1
70
1
0
VERTEX
8
GRAVIROVANI
10
138.0620
20
124.0000
30
0.0
0
VERTEX
8
GRAVIROVANI
10
138.0620
20
123.0000
30
0.0
0
VERTEX
8
GRAVIROVANI
10
138.3120
20
123.0000
30
0.0
0
VERTEX
8
GRAVIROVANI
10
138.3120
20
124.0000
30
0.0
0
SEQEND
8
GRAVIROVANI
0
POLYLINE
8
GRAVIROVANI
10
0.0
20
0.0
30
0.0
66
1
70
1
0
VERTEX
8
GRAVIROVANI
10
136.9870
20
122.8750
30
0.0
0
VERTEX
8
GRAVIROVANI
10
138.1870
20
122.8750
30
0.0
0
VERTEX
8
GRAVIROVANI
10
138.1870
20
123.1250
30
0.0
0
VERTEX
8
GRAVIROVANI
10
136.9870
20
123.1250
30
0.0
0
SEQEND
8
GRAVIROVANI
0
POLYLINE
8
GRAVIROVANI
10
0.0
20
0.0
30
0.0
66
1
70
1
0
VERTEX
8
GRAVIROVANI
10
39.0000
20
111.8750
30
0.0
0
VERTEX
8
GRAVIROVANI
10
171.2000
20
111.8750
30
0.0
0
VERTEX
8
GRAVIROVANI
10
171.2000
20
112.1250
30
0.0
0
VERTEX
8
GRAVIROVANI
10
39.0000
20
112.1250
30
0.0
0
SEQEND
8
GRAVIROVANI
0
POLYLINE
8
GRAVIROVANI
10
0.0
20
0.0
30
0.0
66
1
70
1
0
VERTEX
8
GRAVIROVANI
10
175.8000
20
111.8750
30
0.0
0
VERTEX
8
GRAVIROVANI
10
181.8000
20
111.8750
30
0.0
0
VERTEX
8
GRAVIROVANI
10
181.8000
20
112.1250
30
0.0
0
VERTEX
8
GRAVIROVANI
10
175.8000
20
112.1250
30
0.0
0
SEQEND
8
GRAVIROVANI
0
POLYLINE
8
GRAVIROVANI
10
0.0
20
0.0
30
0.0
66
1
70
1
0
VERTEX
8
GRAVIROVANI
10
171.6750
20
113.0000
30
0.0
0
VERTEX
8
GRAVIROVANI
10
171.6750
20
112.0000
30
0.0
0
VERTEX
8
GRAVIROVANI
10
171.9250
20
112.0000
30
0.0
0
VERTEX
8
GRAVIROVANI
10
171.9250
20
113.0000
30
0.0
0
SEQEND
8
GRAVIROVANI
0
POLYLINE
8
GRAVIROVANI
10
0.0
20
0.0
30
0.0
66
1
70
1
0
VERTEX
8
GRAVIROVANI
10
172.8750
20
113.0000
30
0.0
0
VERTEX
8
GRAVIROVANI
10
172.8750
20
112.0000
30
0.0
0
VERTEX
8
GRAVIROVANI
10
173.1250
20
112.0000
30
0.0
0
VERTEX
8
GRAVIROVANI
10
173.1250
20
113.0000
30
0.0
0
SEQEND
8
GRAVIROVANI
0
POLYLINE
8
GRAVIROVANI
10
0.0
20
0.0
30
0.0
66
1
70
1
0
VERTEX
8
GRAVIROVANI
10
171.8000
20
111.8750
30
0.0
0
VERTEX
8
GRAVIROVANI
10
173.0000
20
111.8750
30
0.0
0
VERTEX
8
GRAVIROVANI
10
173.0000
20
112.1250
30
0.0
0
VERTEX
8
GRAVIROVANI
10
171.8000
20
112.1250
30
0.0
0
SEQEND
8
GRAVIROVANI
0
POLYLINE
8
GRAVIROVANI
10
0.0
20
0.0
30
0.0
66
1
70
1
0
VERTEX
8
GRAVIROVANI
10
172.8750
20
112.0000
30
0.0
0
VERTEX
8
GRAVIROVANI
10
172.8750
20
111.0000
30
0.0
0
VERTEX
8
GRAVIROVANI
10
173.1250
20
111.0000
30
0.0
0
VERTEX
8
GRAVIROVANI
10
173.1250
20
112.0000
30
0.0
0
SEQEND
8
GRAVIROVANI
0
POLYLINE
8
GRAVIROVANI
10
0.0
20
0.0
30
0.0
66
1
70
1
0
VERTEX
8
GRAVIROVANI
10
173.5000
20
112.8750
30
0.0
0
VERTEX
8
GRAVIROVANI
10
174.7000
20
112.8750
30
0.0
0
VERTEX
8
GRAVIROVANI
10
174.7000
20
113.1250
30
0.0
0
VERTEX
8
GRAVIROVANI
10
173.5000
20
113.1250
30
0.0
0
SEQEND
8
GRAVIROVANI
0
POLYLINE
8
GRAVIROVANI
10
0.0
20
0.0
30
0.0
66
1
70
1
0
VERTEX
8
GRAVIROVANI
10
173.3750
20
113.0000
30
0.0
0
VERTEX
8
GRAVIROVANI
10
173.3750
20
112.0000
30
0.0
0
VERTEX
8
GRAVIROVANI
10
173.6250
20
112.0000
30
0.0
0
VERTEX
8
GRAVIROVANI
10
173.6250
20
113.0000
30
0.0
0
SEQEND
8
GRAVIROVANI
0
POLYLINE
8
GRAVIROVANI
10
0.0
20
0.0
30
0.0
66
1
70
1
0
VERTEX
8
GRAVIROVANI
10
173.5000
20
111.8750
30
0.0
0
VERTEX
8
GRAVIROVANI
10
174.7000
20
111.8750
30
0.0
0
VERTEX
8
GRAVIROVANI
10
174.7000
20
112.1250
30
0.0
0
VERTEX
8
GRAVIROVANI
10
173.5000
20
112.1250
30
0.0
0
SEQEND
8
GRAVIROVANI
0
POLYLINE
8
GRAVIROVANI
10
0.0
20
0.0
30
0.0
66
1
70
1
0
VERTEX
8
GRAVIROVANI
10
174.5750
20
112.0000
30
0.0
0
VERTEX
8
GRAVIROVANI
10
174.5750
20
111.0000
30
0.0
0
VERTEX
8
GRAVIROVANI
10
174.8250
20
111.0000
30
0.0
0
VERTEX
8
GRAVIROVANI
10
174.8250
20
112.0000
30
0.0
0
SEQEND
8
GRAVIROVANI
0
POLYLINE
8
GRAVIROVANI
10
0.0
20
0.0
30
0.0
66
1
70
1
0
VERTEX
8
GRAVIROVANI
10
173.5000
20
110.8750
30
0.0
0
VERTEX
8
GRAVIROVANI
10
174.7000
20
110.8750
30
0.0
0
VERTEX
8
GRAVIROVANI
10
174.7000
20
111.1250
30
0.0
0
VERTEX
8
GRAVIROVANI
10
173.5000
20
111.1250
30
0.0
0
SEQEND
8
GRAVIROVANI
0
POLYLINE
8
GRAVIROVANI
10
0.0
20
0.0
30
0.0
66
1
70
1
0
VERTEX
8
GRAVIROVANI
10
39.0000
20
66.8750
30
0.0
0
VERTEX
8
GRAVIROVANI
10
171.2000
20
66.8750
30
0.0
0
VERTEX
8
GRAVIROVANI
10
171.2000
20
67.1250
30
0.0
0
VERTEX
8
GRAVIROVANI
10
39.0000
20
67.1250
30
0.0
0
SEQEND
8
GRAVIROVANI
0
POLYLINE
8
GRAVIROVANI
10
0.0
20
0.0
30
0.0
66
1
70
1
0
VERTEX
8
GRAVIROVANI
10
175.8000
20
66.8750
30
0.0
0
VERTEX
8
GRAVIROVANI
10
181.8000
20
66.8750
30
0.0
0
VERTEX
8
GRAVIROVANI
10
181.8000
20
67.1250
30
0.0
0
VERTEX
8
GRAVIROVANI
10
175.8000
20
67.1250
30
0.0
0
SEQEND
8
GRAVIROVANI
0
POLYLINE
8
GRAVIROVANI
10
0.0
20
0.0
30
0.0
66
1
70
1
0
VERTEX
8
GRAVIROVANI
10
171.6750
20
68.0000
30
0.0
0
VERTEX
8
GRAVIROVANI
10
171.6750
20
67.0000
30
0.0
0
VERTEX
8
GRAVIROVANI
10
171.9250
20
67.0000
30
0.0
0
VERTEX
8
GRAVIROVANI
10
171.9250
20
68.0000
30
0.0
0
SEQEND
8
GRAVIROVANI
0
POLYLINE
8
GRAVIROVANI
10
0.0
20
0.0
30
0.0
66
1
70
1
0
VERTEX
8
GRAVIROVANI
10
172.8750
20
68.0000
30
0.0
0
VERTEX
8
GRAVIROVANI
10
172.8750
20
67.0000
30
0.0
0
VERTEX
8
GRAVIROVANI
10
173.1250
20
67.0000
30
0.0
0
VERTEX
8
GRAVIROVANI
10
173.1250
20
68.0000
30
0.0
0
SEQEND
8
GRAVIROVANI
0
POLYLINE
8
GRAVIROVANI
10
0.0
20
0.0
30
0.0
66
1
70
1
0
VERTEX
8
GRAVIROVANI
10
171.8000
20
66.8750
30
0.0
0
VERTEX
8
GRAVIROVANI
10
173.0000
20
66.8750
30
0.0
0
VERTEX
8
GRAVIROVANI
10
173.0000
20
67.1250
30
0.0
0
VERTEX
8
GRAVIROVANI
10
171.8000
20
67.1250
30
0.0
0
SEQEND
8
GRAVIROVANI
0
POLYLINE
8
GRAVIROVANI
10
0.0
20
0.0
30
0.0
66
1
70
1
0
VERTEX
8
GRAVIROVANI
10
172.8750
20
67.0000
30
0.0
0
VERTEX
8
GRAVIROVANI
10
172.8750
20
66.0000
30
0.0
0
VERTEX
8
GRAVIROVANI
10
173.1250
20
66.0000
30
0.0
0
VERTEX
8
GRAVIROVANI
10
173.1250
20
67.0000
30
0.0
0
SEQEND
8
GRAVIROVANI
0
POLYLINE
8
GRAVIROVANI
10
0.0
20
0.0
30
0.0
66
1
70
1
0
VERTEX
8
GRAVIROVANI
10
173.5000
20
67.8750
30
0.0
0
VERTEX
8
GRAVIROVANI
10
174.7000
20
67.8750
30
0.0
0
VERTEX
8
GRAVIROVANI
10
174.7000
20
68.1250
30
0.0
0
VERTEX
8
GRAVIROVANI
10
173.5000
20
68.1250
30
0.0
0
SEQEND
8
GRAVIROVANI
0
POLYLINE
8
GRAVIROVANI
10
0.0
20
0.0
30
0.0
66
1
70
1
0
VERTEX
8
GRAVIROVANI
10
173.3750
20
68.0000
30
0.0
0
VERTEX
8
GRAVIROVANI
10
173.3750
20
67.0000
30
0.0
0
VERTEX
8
GRAVIROVANI
10
173.6250
20
67.0000
30
0.0
0
VERTEX
8
GRAVIROVANI
10
173.6250
20
68.0000
30
0.0
0
SEQEND
8
GRAVIROVANI
0
POLYLINE
8
GRAVIROVANI
10
0.0
20
0.0
30
0.0
66
1
70
1
0
VERTEX
8
GRAVIROVANI
10
173.5000
20
66.8750
30
0.0
0
VERTEX
8
GRAVIROVANI
10
174.7000
20
66.8750
30
0.0
0
VERTEX
8
GRAVIROVANI
10
174.7000
20
67.1250
30
0.0
0
VERTEX
8
GRAVIROVANI
10
173.5000
20
67.1250
30
0.0
0
SEQEND
8
GRAVIROVANI
0
POLYLINE
8
GRAVIROVANI
10
0.0
20
0.0
30
0.0
66
1
70
1
0
VERTEX
8
GRAVIROVANI
10
174.5750
20
67.0000
30
0.0
0
VERTEX
8
GRAVIROVANI
10
174.5750
20
66.0000
30
0.0
0
VERTEX
8
GRAVIROVANI
10
174.8250
20
66.0000
30
0.0
0
VERTEX
8
GRAVIROVANI
10
174.8250
20
67.0000
30
0.0
0
SEQEND
8
GRAVIROVANI
0
POLYLINE
8
GRAVIROVANI
10
0.0
20
0.0
30
0.0
66
1
70
1
0
VERTEX
8
GRAVIROVANI
10
173.5000
20
65.8750
30
0.0
0
VERTEX
8
GRAVIROVANI
10
174.7000
20
65.8750
30
0.0
0
VERTEX
8
GRAVIROVANI
10
174.7000
20
66.1250
30
0.0
0
VERTEX
8
GRAVIROVANI
10
173.5000
20
66.1250
30
0.0
0
SEQEND
8
GRAVIROVANI
0
POLYLINE
8
GRAVIROVANI
10
0.0
20
0.0
30
0.0
66
1
70
1
0
VERTEX
8
GRAVIROVANI
10
39.0000
20
54.8750
30
0.0
0
VERTEX
8
GRAVIROVANI
10
189.4000
20
54.8750
30
0.0
0
VERTEX
8
GRAVIROVANI
10
189.4000
20
55.1250
30
0.0
0
VERTEX
8
GRAVIROVANI
10
39.0000
20
55.1250
30
0.0
0
SEQEND
8
GRAVIROVANI
0
POLYLINE
8
GRAVIROVANI
10
0.0
20
0.0
30
0.0
66
1
70
1
0
VERTEX
8
GRAVIROVANI
10
194.0000
20
54.8750
30
0.0
0
VERTEX
8
GRAVIROVANI
10
200.0000
20
54.8750
30
0.0
0
VERTEX
8
GRAVIROVANI
10
200.0000
20
55.1250
30
0.0
0
VERTEX
8
GRAVIROVANI
10
194.0000
20
55.1250
30
0.0
0
SEQEND
8
GRAVIROVANI
0
POLYLINE
8
GRAVIROVANI
10
0.0
20
0.0
30
0.0
66
1
70
1
0
VERTEX
8
GRAVIROVANI
10
189.8750
20
56.0000
30
0.0
0
VERTEX
8
GRAVIROVANI
10
189.8750
20
55.0000
30
0.0
0
VERTEX
8
GRAVIROVANI
10
190.1250
20
55.0000
30
0.0
0
VERTEX
8
GRAVIROVANI
10
190.1250
20
56.0000
30
0.0
0
SEQEND
8
GRAVIROVANI
0
POLYLINE
8
GRAVIROVANI
10
0.0
20
0.0
30
0.0
66
1
70
1
0
VERTEX
8
GRAVIROVANI
10
191.0750
20
56.0000
30
0.0
0
VERTEX
8
GRAVIROVANI
10
191.0750
20
55.0000
30
0.0
0
VERTEX
8
GRAVIROVANI
10
191.3250
20
55.0000
30
0.0
0
VERTEX
8
GRAVIROVANI
10
191.3250
20
56.0000
30
0.0
0
SEQEND
8
GRAVIROVANI
0
POLYLINE
8
GRAVIROVANI
10
0.0
20
0.0
30
0.0
66
1
70
1
0
VERTEX
8
GRAVIROVANI
10
190.0000
20
54.8750
30
0.0
0
VERTEX
8
GRAVIROVANI
10
191.2000
20
54.8750
30
0.0
0
VERTEX
8
GRAVIROVANI
10
191.2000
20
55.1250
30
0.0
0
VERTEX
8
GRAVIROVANI
10
190.0000
20
55.1250
30
0.0
0
SEQEND
8
GRAVIROVANI
0
POLYLINE
8
GRAVIROVANI
10
0.0
20
0.0
30
0.0
66
1
70
1
0
VERTEX
8
GRAVIROVANI
10
191.0750
20
55.0000
30
0.0
0
VERTEX
8
GRAVIROVANI
10
191.0750
20
54.0000
30
0.0
0
VERTEX
8
GRAVIROVANI
10
191.3250
20
54.0000
30
0.0
0
VERTEX
8
GRAVIROVANI
10
191.3250
20
55.0000
30
0.0
0
SEQEND
8
GRAVIROVANI
0
POLYLINE
8
GRAVIROVANI
10
0.0
20
0.0
30
0.0
66
1
70
1
0
VERTEX
8
GRAVIROVANI
10
191.7000
20
55.8750
30
0.0
0
VERTEX
8
GRAVIROVANI
10
192.9000
20
55.8750
30
0.0
0
VERTEX
8
GRAVIROVANI
10
192.9000
20
56.1250
30
0.0
0
VERTEX
8
GRAVIROVANI
10
191.7000
20
56.1250
30
0.0
0
SEQEND
8
GRAVIROVANI
0
POLYLINE
8
GRAVIROVANI
10
0.0
20
0.0
30
0.0
66
1
70
1
0
VERTEX
8
GRAVIROVANI
10
191.5750
20
56.0000
30
0.0
0
VERTEX
8
GRAVIROVANI
10
191.5750
20
55.0000
30
0.0
0
VERTEX
8
GRAVIROVANI
10
191.8250
20
55.0000
30
0.0
0
VERTEX
8
GRAVIROVANI
10
191.8250
20
56.0000
30
0.0
0
SEQEND
8
GRAVIROVANI
0
POLYLINE
8
GRAVIROVANI
10
0.0
20
0.0
30
0.0
66
1
70
1
0
VERTEX
8
GRAVIROVANI
10
191.7000
20
54.8750
30
0.0
0
VERTEX
8
GRAVIROVANI
10
192.9000
20
54.8750
30
0.0
0
VERTEX
8
GRAVIROVANI
10
192.9000
20
55.1250
30
0.0
0
VERTEX
8
GRAVIROVANI
10
191.7000
20
55.1250
30
0.0
0
SEQEND
8
GRAVIROVANI
0
POLYLINE
8
GRAVIROVANI
10
0.0
20
0.0
30
0.0
66
1
70
1
0
VERTEX
8
GRAVIROVANI
10
192.7750
20
55.0000
30
0.0
0
VERTEX
8
GRAVIROVANI
10
192.7750
20
54.0000
30
0.0
0
VERTEX
8
GRAVIROVANI
10
193.0250
20
54.0000
30
0.0
0
VERTEX
8
GRAVIROVANI
10
193.0250
20
55.0000
30
0.0
0
SEQEND
8
GRAVIROVANI
0
POLYLINE
8
GRAVIROVANI
10
0.0
20
0.0
30
0.0
66
1
70
1
0
VERTEX
8
GRAVIROVANI
10
191.7000
20
53.8750
30
0.0
0
VERTEX
8
GRAVIROVANI
10
192.9000
20
53.8750
30
0.0
0
VERTEX
8
GRAVIROVANI
10
192.9000
20
54.1250
30
0.0
0
VERTEX
8
GRAVIROVANI
10
191.7000
20
54.1250
30
0.0
0
SEQEND
8
GRAVIROVANI
0
POLYLINE
8
GRAVIROVANI
10
0.0
20
0.0
30
0.0
66
1
70
1
0
VERTEX
8
GRAVIROVANI
10
39.0000
20
9.8750
30
0.0
0
VERTEX
8
GRAVIROVANI
10
189.4000
20
9.8750
30
0.0
0
VERTEX
8
GRAVIROVANI
10
189.4000
20
10.1250
30
0.0
0
VERTEX
8
GRAVIROVANI
10
39.0000
20
10.1250
30
0.0
0
SEQEND
8
GRAVIROVANI
0
POLYLINE
8
GRAVIROVANI
10
0.0
20
0.0
30
0.0
66
1
70
1
0
VERTEX
8
GRAVIROVANI
10
194.0000
20
9.8750
30
0.0
0
VERTEX
8
GRAVIROVANI
10
200.0000
20
9.8750
30
0.0
0
VERTEX
8
GRAVIROVANI
10
200.0000
20
10.1250
30
0.0
0
VERTEX
8
GRAVIROVANI
10
194.0000
20
10.1250
30
0.0
0
SEQEND
8
GRAVIROVANI
0
POLYLINE
8
GRAVIROVANI
10
0.0
20
0.0
30
0.0
66
1
70
1
0
VERTEX
8
GRAVIROVANI
10
189.8750
20
11.0000
30
0.0
0
VERTEX
8
GRAVIROVANI
10
189.8750
20
10.0000
30
0.0
0
VERTEX
8
GRAVIROVANI
10
190.1250
20
10.0000
30
0.0
0
VERTEX
8
GRAVIROVANI
10
190.1250
20
11.0000
30
0.0
0
SEQEND
8
GRAVIROVANI
0
POLYLINE
8
GRAVIROVANI
10
0.0
20
0.0
30
0.0
66
1
70
1
0
VERTEX
8
GRAVIROVANI
10
191.0750
20
11.0000
30
0.0
0
VERTEX
8
GRAVIROVANI
10
191.0750
20
10.0000
30
0.0
0
VERTEX
8
GRAVIROVANI
10
191.3250
20
10.0000
30
0.0
0
VERTEX
8
GRAVIROVANI
10
191.3250
20
11.0000
30
0.0
0
SEQEND
8
GRAVIROVANI
0
POLYLINE
8
GRAVIROVANI
10
0.0
20
0.0
30
0.0
66
1
70
1
0
VERTEX
8
GRAVIROVANI
10
190.0000
20
9.8750
30
0.0
0
VERTEX
8
GRAVIROVANI
10
191.2000
20
9.8750
30
0.0
0
VERTEX
8
GRAVIROVANI
10
191.2000
20
10.1250
30
0.0
0
VERTEX
8
GRAVIROVANI
10
190.0000
20
10.1250
30
0.0
0
SEQEND
8
GRAVIROVANI
0
POLYLINE
8
GRAVIROVANI
10
0.0
20
0.0
30
0.0
66
1
70
1
0
VERTEX
8
GRAVIROVANI
10
191.0750
20
10.0000
30
0.0
0
VERTEX
8
GRAVIROVANI
10
191.0750
20
9.0000
30
0.0
0
VERTEX
8
GRAVIROVANI
10
191.3250
20
9.0000
30
0.0
0
VERTEX
8
GRAVIROVANI
10
191.3250
20
10.0000
30
0.0
0
SEQEND
8
GRAVIROVANI
0
POLYLINE
8
GRAVIROVANI
10
0.0
20
0.0
30
0.0
66
1
70
1
0
VERTEX
8
GRAVIROVANI
10
191.7000
20
10.8750
30
0.0
0
VERTEX
8
GRAVIROVANI
10
192.9000
20
10.8750
30
0.0
0
VERTEX
8
GRAVIROVANI
10
192.9000
20
11.1250
30
0.0
0
VERTEX
8
GRAVIROVANI
10
191.7000
20
11.1250
30
0.0
0
SEQEND
8
GRAVIROVANI
0
POLYLINE
8
GRAVIROVANI
10
0.0
20
0.0
30
0.0
66
1
70
1
0
VERTEX
8
GRAVIROVANI
10
191.5750
20
11.0000
30
0.0
0
VERTEX
8
GRAVIROVANI
10
191.5750
20
10.0000
30
0.0
0
VERTEX
8
GRAVIROVANI
10
191.8250
20
10.0000
30
0.0
0
VERTEX
8
GRAVIROVANI
10
191.8250
20
11.0000
30
0.0
0
SEQEND
8
GRAVIROVANI
0
POLYLINE
8
GRAVIROVANI
10
0.0
20
0.0
30
0.0
66
1
70
1
0
VERTEX
8
GRAVIROVANI
10
191.7000
20
9.8750
30
0.0
0
VERTEX
8
GRAVIROVANI
10
192.9000
20
9.8750
30
0.0
0
VERTEX
8
GRAVIROVANI
10
192.9000
20
10.1250
30
0.0
0
VERTEX
8
GRAVIROVANI
10
191.7000
20
10.1250
30
0.0
0
SEQEND
8
GRAVIROVANI
0
POLYLINE
8
GRAVIROVANI
10
0.0
20
0.0
30
0.0
66
1
70
1
0
VERTEX
8
GRAVIROVANI
10
192.7750
20
10.0000
30
0.0
0
VERTEX
8
GRAVIROVANI
10
192.7750
20
9.0000
30
0.0
0
VERTEX
8
GRAVIROVANI
10
193.0250
20
9.0000
30
0.0
0
VERTEX
8
GRAVIROVANI
10
193.0250
20
10.0000
30
0.0
0
SEQEND
8
GRAVIROVANI
0
POLYLINE
8
GRAVIROVANI
10
0.0
20
0.0
30
0.0
66
1
70
1
0
VERTEX
8
GRAVIROVANI
10
191.7000
20
8.8750
30
0.0
0
VERTEX
8
GRAVIROVANI
10
192.9000
20
8.8750
30
0.0
0
VERTEX
8
GRAVIROVANI
10
192.9000
20
9.1250
30
0.0
0
VERTEX
8
GRAVIROVANI
10
191.7000
20
9.1250
30
0.0
0
SEQEND
8
GRAVIROVANI
0
POLYLINE
8
GRAVIROVANI
10
0.0
20
0.0
30
0.0
66
1
70
1
0
VERTEX
8
GRAVIROVANI
10
39.0000
20
166.3750
30
0.0
0
VERTEX
8
GRAVIROVANI
10
129.8870
20
166.3750
30
0.0
0
VERTEX
8
GRAVIROVANI
10
129.8870
20
166.6250
30
0.0
0
VERTEX
8
GRAVIROVANI
10
39.0000
20
166.6250
30
0.0
0
SEQEND
8
GRAVIROVANI
0
POLYLINE
8
GRAVIROVANI
10
0.0
20
0.0
30
0.0
66
1
70
1
0
VERTEX
8
GRAVIROVANI
10
134.4870
20
166.3750
30
0.0
0
VERTEX
8
GRAVIROVANI
10
145.2870
20
166.3750
30
0.0
0
VERTEX
8
GRAVIROVANI
10
145.2870
20
166.6250
30
0.0
0
VERTEX
8
GRAVIROVANI
10
134.4870
20
166.6250
30
0.0
0
SEQEND
8
GRAVIROVANI
0
POLYLINE
8
GRAVIROVANI
10
0.0
20
0.0
30
0.0
66
1
70
1
0
VERTEX
8
GRAVIROVANI
10
130.3620
20
167.5000
30
0.0
0
VERTEX
8
GRAVIROVANI
10
130.3620
20
166.5000
30
0.0
0
VERTEX
8
GRAVIROVANI
10
130.6120
20
166.5000
30
0.0
0
VERTEX
8
GRAVIROVANI
10
130.6120
20
167.5000
30
0.0
0
SEQEND
8
GRAVIROVANI
0
POLYLINE
8
GRAVIROVANI
10
0.0
20
0.0
30
0.0
66
1
70
1
0
VERTEX
8
GRAVIROVANI
10
131.5620
20
167.5000
30
0.0
0
VERTEX
8
GRAVIROVANI
10
131.5620
20
166.5000
30
0.0
0
VERTEX
8
GRAVIROVANI
10
131.8120
20
166.5000
30
0.0
0
VERTEX
8
GRAVIROVANI
10
131.8120
20
167.5000
30
0.0
0
SEQEND
8
GRAVIROVANI
0
POLYLINE
8
GRAVIROVANI
10
0.0
20
0.0
30
0.0
66
1
70
1
0
VERTEX
8
GRAVIROVANI
10
130.4870
20
166.3750
30
0.0
0
VERTEX
8
GRAVIROVANI
10
131.6870
20
166.3750
30
0.0
0
VERTEX
8
GRAVIROVANI
10
131.6870
20
166.6250
30
0.0
0
VERTEX
8
GRAVIROVANI
10
130.4870
20
166.6250
30
0.0
0
SEQEND
8
GRAVIROVANI
0
POLYLINE
8
GRAVIROVANI
10
0.0
20
0.0
30
0.0
66
1
70
1
0
VERTEX
8
GRAVIROVANI
10
131.5620
20
166.5000
30
0.0
0
VERTEX
8
GRAVIROVANI
10
131.5620
20
165.5000
30
0.0
0
VERTEX
8
GRAVIROVANI
10
131.8120
20
165.5000
30
0.0
0
VERTEX
8
GRAVIROVANI
10
131.8120
20
166.5000
30
0.0
0
SEQEND
8
GRAVIROVANI
0
POLYLINE
8
GRAVIROVANI
10
0.0
20
0.0
30
0.0
66
1
70
1
0
VERTEX
8
GRAVIROVANI
10
132.1870
20
167.3750
30
0.0
0
VERTEX
8
GRAVIROVANI
10
133.3870
20
167.3750
30
0.0
0
VERTEX
8
GRAVIROVANI
10
133.3870
20
167.6250
30
0.0
0
VERTEX
8
GRAVIROVANI
10
132.1870
20
167.6250
30
0.0
0
SEQEND
8
GRAVIROVANI
0
POLYLINE
8
GRAVIROVANI
10
0.0
20
0.0
30
0.0
66
1
70
1
0
VERTEX
8
GRAVIROVANI
10
132.0620
20
167.5000
30
0.0
0
VERTEX
8
GRAVIROVANI
10
132.0620
20
166.5000
30
0.0
0
VERTEX
8
GRAVIROVANI
10
132.3120
20
166.5000
30
0.0
0
VERTEX
8
GRAVIROVANI
10
132.3120
20
167.5000
30
0.0
0
SEQEND
8
GRAVIROVANI
0
POLYLINE
8
GRAVIROVANI
10
0.0
20
0.0
30
0.0
66
1
70
1
0
VERTEX
8
GRAVIROVANI
10
133.2620
20
167.5000
30
0.0
0
VERTEX
8
GRAVIROVANI
10
133.2620
20
166.5000
30
0.0
0
VERTEX
8
GRAVIROVANI
10
133.5120
20
166.5000
30
0.0
0
VERTEX
8
GRAVIROVANI
10
133.5120
20
167.5000
30
0.0
0
SEQEND
8
GRAVIROVANI
0
POLYLINE
8
GRAVIROVANI
10
0.0
20
0.0
30
0.0
66
1
70
1
0
VERTEX
8
GRAVIROVANI
10
132.0620
20
166.5000
30
0.0
0
VERTEX
8
GRAVIROVANI
10
132.0620
20
165.5000
30
0.0
0
VERTEX
8
GRAVIROVANI
10
132.3120
20
165.5000
30
0.0
0
VERTEX
8
GRAVIROVANI
10
132.3120
20
166.5000
30
0.0
0
SEQEND
8
GRAVIROVANI
0
POLYLINE
8
GRAVIROVANI
10
0.0
20
0.0
30
0.0
66
1
70
1
0
VERTEX
8
GRAVIROVANI
10
133.2620
20
166.5000
30
0.0
0
VERTEX
8
GRAVIROVANI
10
133.2620
20
165.5000
30
0.0
0
VERTEX
8
GRAVIROVANI
10
133.5120
20
165.5000
30
0.0
0
VERTEX
8
GRAVIROVANI
10
133.5120
20
166.5000
30
0.0
0
SEQEND
8
GRAVIROVANI
0
POLYLINE
8
GRAVIROVANI
10
0.0
20
0.0
30
0.0
66
1
70
1
0
VERTEX
8
GRAVIROVANI
10
132.1870
20
165.3750
30
0.0
0
VERTEX
8
GRAVIROVANI
10
133.3870
20
165.3750
30
0.0
0
VERTEX
8
GRAVIROVANI
10
133.3870
20
165.6250
30
0.0
0
VERTEX
8
GRAVIROVANI
10
132.1870
20
165.6250
30
0.0
0
SEQEND
8
GRAVIROVANI
0
POLYLINE
8
GRAVIROVANI
10
0.0
20
0.0
30
0.0
66
1
70
1
0
VERTEX
8
GRAVIROVANI
10
39.0000
20
126.3750
30
0.0
0
VERTEX
8
GRAVIROVANI
10
129.8870
20
126.3750
30
0.0
0
VERTEX
8
GRAVIROVANI
10
129.8870
20
126.6250
30
0.0
0
VERTEX
8
GRAVIROVANI
10
39.0000
20
126.6250
30
0.0
0
SEQEND
8
GRAVIROVANI
0
POLYLINE
8
GRAVIROVANI
10
0.0
20
0.0
30
0.0
66
1
70
1
0
VERTEX
8
GRAVIROVANI
10
134.4870
20
126.3750
30
0.0
0
VERTEX
8
GRAVIROVANI
10
145.2870
20
126.3750
30
0.0
0
VERTEX
8
GRAVIROVANI
10
145.2870
20
126.6250
30
0.0
0
VERTEX
8
GRAVIROVANI
10
134.4870
20
126.6250
30
0.0
0
SEQEND
8
GRAVIROVANI
0
POLYLINE
8
GRAVIROVANI
10
0.0
20
0.0
30
0.0
66
1
70
1
0
VERTEX
8
GRAVIROVANI
10
130.3620
20
127.5000
30
0.0
0
VERTEX
8
GRAVIROVANI
10
130.3620
20
126.5000
30
0.0
0
VERTEX
8
GRAVIROVANI
10
130.6120
20
126.5000
30
0.0
0
VERTEX
8
GRAVIROVANI
10
130.6120
20
127.5000
30
0.0
0
SEQEND
8
GRAVIROVANI
0
POLYLINE
8
GRAVIROVANI
10
0.0
20
0.0
30
0.0
66
1
70
1
0
VERTEX
8
GRAVIROVANI
10
131.5620
20
127.5000
30
0.0
0
VERTEX
8
GRAVIROVANI
10
131.5620
20
126.5000
30
0.0
0
VERTEX
8
GRAVIROVANI
10
131.8120
20
126.5000
30
0.0
0
VERTEX
8
GRAVIROVANI
10
131.8120
20
127.5000
30
0.0
0
SEQEND
8
GRAVIROVANI
0
POLYLINE
8
GRAVIROVANI
10
0.0
20
0.0
30
0.0
66
1
70
1
0
VERTEX
8
GRAVIROVANI
10
130.4870
20
126.3750
30
0.0
0
VERTEX
8
GRAVIROVANI
10
131.6870
20
126.3750
30
0.0
0
VERTEX
8
GRAVIROVANI
10
131.6870
20
126.6250
30
0.0
0
VERTEX
8
GRAVIROVANI
10
130.4870
20
126.6250
30
0.0
0
SEQEND
8
GRAVIROVANI
0
POLYLINE
8
GRAVIROVANI
10
0.0
20
0.0
30
0.0
66
1
70
1
0
VERTEX
8
GRAVIROVANI
10
131.5620
20
126.5000
30
0.0
0
VERTEX
8
GRAVIROVANI
10
131.5620
20
125.5000
30
0.0
0
VERTEX
8
GRAVIROVANI
10
131.8120
20
125.5000
30
0.0
0
VERTEX
8
GRAVIROVANI
10
131.8120
20
126.5000
30
0.0
0
SEQEND
8
GRAVIROVANI
0
POLYLINE
8
GRAVIROVANI
10
0.0
20
0.0
30
0.0
66
1
70
1
0
VERTEX
8
GRAVIROVANI
10
132.1870
20
127.3750
30
0.0
0
VERTEX
8
GRAVIROVANI
10
133.3870
20
127.3750
30
0.0
0
VERTEX
8
GRAVIROVANI
10
133.3870
20
127.6250
30
0.0
0
VERTEX
8
GRAVIROVANI
10
132.1870
20
127.6250
30
0.0
0
SEQEND
8
GRAVIROVANI
0
POLYLINE
8
GRAVIROVANI
10
0.0
20
0.0
30
0.0
66
1
70
1
0
VERTEX
8
GRAVIROVANI
10
132.0620
20
127.5000
30
0.0
0
VERTEX
8
GRAVIROVANI
10
132.0620
20
126.5000
30
0.0
0
VERTEX
8
GRAVIROVANI
10
132.3120
20
126.5000
30
0.0
0
VERTEX
8
GRAVIROVANI
10
132.3120
20
127.5000
30
0.0
0
SEQEND
8
GRAVIROVANI
0
POLYLINE
8
GRAVIROVANI
10
0.0
20
0.0
30
0.0
66
1
70
1
0
VERTEX
8
GRAVIROVANI
10
133.2620
20
127.5000
30
0.0
0
VERTEX
8
GRAVIROVANI
10
133.2620
20
126.5000
30
0.0
0
VERTEX
8
GRAVIROVANI
10
133.5120
20
126.5000
30
0.0
0
VERTEX
8
GRAVIROVANI
10
133.5120
20
127.5000
30
0.0
0
SEQEND
8
GRAVIROVANI
0
POLYLINE
8
GRAVIROVANI
10
0.0
20
0.0
30
0.0
66
1
70
1
0
VERTEX
8
GRAVIROVANI
10
132.0620
20
126.5000
30
0.0
0
VERTEX
8
GRAVIROVANI
10
132.0620
20
125.5000
30
0.0
0
VERTEX
8
GRAVIROVANI
10
132.3120
20
125.5000
30
0.0
0
VERTEX
8
GRAVIROVANI
10
132.3120
20
126.5000
30
0.0
0
SEQEND
8
GRAVIROVANI
0
POLYLINE
8
GRAVIROVANI
10
0.0
20
0.0
30
0.0
66
1
70
1
0
VERTEX
8
GRAVIROVANI
10
133.2620
20
126.5000
30
0.0
0
VERTEX
8
GRAVIROVANI
10
133.2620
20
125.5000
30
0.0
0
VERTEX
8
GRAVIROVANI
10
133.5120
20
125.5000
30
0.0
0
VERTEX
8
GRAVIROVANI
10
133.5120
20
126.5000
30
0.0
0
SEQEND
8
GRAVIROVANI
0
POLYLINE
8
GRAVIROVANI
10
0.0
20
0.0
30
0.0
66
1
70
1
0
VERTEX
8
GRAVIROVANI
10
132.1870
20
125.3750
30
0.0
0
VERTEX
8
GRAVIROVANI
10
133.3870
20
125.3750
30
0.0
0
VERTEX
8
GRAVIROVANI
10
133.3870
20
125.6250
30
0.0
0
VERTEX
8
GRAVIROVANI
10
132.1870
20
125.6250
30
0.0
0
SEQEND
8
GRAVIROVANI
0
POLYLINE
8
GRAVIROVANI
10
0.0
20
0.0
30
0.0
66
1
70
1
0
VERTEX
8
GRAVIROVANI
10
39.0000
20
109.3750
30
0.0
0
VERTEX
8
GRAVIROVANI
10
166.4000
20
109.3750
30
0.0
0
VERTEX
8
GRAVIROVANI
10
166.4000
20
109.6250
30
0.0
0
VERTEX
8
GRAVIROVANI
10
39.0000
20
109.6250
30
0.0
0
SEQEND
8
GRAVIROVANI
0
POLYLINE
8
GRAVIROVANI
10
0.0
20
0.0
30
0.0
66
1
70
1
0
VERTEX
8
GRAVIROVANI
10
171.0000
20
109.3750
30
0.0
0
VERTEX
8
GRAVIROVANI
10
181.8000
20
109.3750
30
0.0
0
VERTEX
8
GRAVIROVANI
10
181.8000
20
109.6250
30
0.0
0
VERTEX
8
GRAVIROVANI
10
171.0000
20
109.6250
30
0.0
0
SEQEND
8
GRAVIROVANI
0
POLYLINE
8
GRAVIROVANI
10
0.0
20
0.0
30
0.0
66
1
70
1
0
VERTEX
8
GRAVIROVANI
10
166.8750
20
110.5000
30
0.0
0
VERTEX
8
GRAVIROVANI
10
166.8750
20
109.5000
30
0.0
0
VERTEX
8
GRAVIROVANI
10
167.1250
20
109.5000
30
0.0
0
VERTEX
8
GRAVIROVANI
10
167.1250
20
110.5000
30
0.0
0
SEQEND
8
GRAVIROVANI
0
POLYLINE
8
GRAVIROVANI
10
0.0
20
0.0
30
0.0
66
1
70
1
0
VERTEX
8
GRAVIROVANI
10
168.0750
20
110.5000
30
0.0
0
VERTEX
8
GRAVIROVANI
10
168.0750
20
109.5000
30
0.0
0
VERTEX
8
GRAVIROVANI
10
168.3250
20
109.5000
30
0.0
0
VERTEX
8
GRAVIROVANI
10
168.3250
20
110.5000
30
0.0
0
SEQEND
8
GRAVIROVANI
0
POLYLINE
8
GRAVIROVANI
10
0.0
20
0.0
30
0.0
66
1
70
1
0
VERTEX
8
GRAVIROVANI
10
167.0000
20
109.3750
30
0.0
0
VERTEX
8
GRAVIROVANI
10
168.2000
20
109.3750
30
0.0
0
VERTEX
8
GRAVIROVANI
10
168.2000
20
109.6250
30
0.0
0
VERTEX
8
GRAVIROVANI
10
167.0000
20
109.6250
30
0.0
0
SEQEND
8
GRAVIROVANI
0
POLYLINE
8
GRAVIROVANI
10
0.0
20
0.0
30
0.0
66
1
70
1
0
VERTEX
8
GRAVIROVANI
10
168.0750
20
109.5000
30
0.0
0
VERTEX
8
GRAVIROVANI
10
168.0750
20
108.5000
30
0.0
0
VERTEX
8
GRAVIROVANI
10
168.3250
20
108.5000
30
0.0
0
VERTEX
8
GRAVIROVANI
10
168.3250
20
109.5000
30
0.0
0
SEQEND
8
GRAVIROVANI
0
POLYLINE
8
GRAVIROVANI
10
0.0
20
0.0
30
0.0
66
1
70
1
0
VERTEX
8
GRAVIROVANI
10
168.7000
20
110.3750
30
0.0
0
VERTEX
8
GRAVIROVANI
10
169.9000
20
110.3750
30
0.0
0
VERTEX
8
GRAVIROVANI
10
169.9000
20
110.6250
30
0.0
0
VERTEX
8
GRAVIROVANI
10
168.7000
20
110.6250
30
0.0
0
SEQEND
8
GRAVIROVANI
0
POLYLINE
8
GRAVIROVANI
10
0.0
20
0.0
30
0.0
66
1
70
1
0
VERTEX
8
GRAVIROVANI
10
168.5750
20
110.5000
30
0.0
0
VERTEX
8
GRAVIROVANI
10
168.5750
20
109.5000
30
0.0
0
VERTEX
8
GRAVIROVANI
10
168.8250
20
109.5000
30
0.0
0
VERTEX
8
GRAVIROVANI
10
168.8250
20
110.5000
30
0.0
0
SEQEND
8
GRAVIROVANI
0
POLYLINE
8
GRAVIROVANI
10
0.0
20
0.0
30
0.0
66
1
70
1
0
VERTEX
8
GRAVIROVANI
10
169.7750
20
110.5000
30
0.0
0
VERTEX
8
GRAVIROVANI
10
169.7750
20
109.5000
30
0.0
0
VERTEX
8
GRAVIROVANI
10
170.0250
20
109.5000
30
0.0
0
VERTEX
8
GRAVIROVANI
10
170.0250
20
110.5000
30
0.0
0
SEQEND
8
GRAVIROVANI
0
POLYLINE
8
GRAVIROVANI
10
0.0
20
0.0
30
0.0
66
1
70
1
0
VERTEX
8
GRAVIROVANI
10
168.5750
20
109.5000
30
0.0
0
VERTEX
8
GRAVIROVANI
10
168.5750
20
108.5000
30
0.0
0
VERTEX
8
GRAVIROVANI
10
168.8250
20
108.5000
30
0.0
0
VERTEX
8
GRAVIROVANI
10
168.8250
20
109.5000
30
0.0
0
SEQEND
8
GRAVIROVANI
0
POLYLINE
8
GRAVIROVANI
10
0.0
20
0.0
30
0.0
66
1
70
1
0
VERTEX
8
GRAVIROVANI
10
169.7750
20
109.5000
30
0.0
0
VERTEX
8
GRAVIROVANI
10
169.7750
20
108.5000
30
0.0
0
VERTEX
8
GRAVIROVANI
10
170.0250
20
108.5000
30
0.0
0
VERTEX
8
GRAVIROVANI
10
170.0250
20
109.5000
30
0.0
0
SEQEND
8
GRAVIROVANI
0
POLYLINE
8
GRAVIROVANI
10
0.0
20
0.0
30
0.0
66
1
70
1
0
VERTEX
8
GRAVIROVANI
10
168.7000
20
108.3750
30
0.0
0
VERTEX
8
GRAVIROVANI
10
169.9000
20
108.3750
30
0.0
0
VERTEX
8
GRAVIROVANI
10
169.9000
20
108.6250
30
0.0
0
VERTEX
8
GRAVIROVANI
10
168.7000
20
108.6250
30
0.0
0
SEQEND
8
GRAVIROVANI
0
POLYLINE
8
GRAVIROVANI
10
0.0
20
0.0
30
0.0
66
1
70
1
0
VERTEX
8
GRAVIROVANI
10
39.0000
20
69.3750
30
0.0
0
VERTEX
8
GRAVIROVANI
10
166.4000
20
69.3750
30
0.0
0
VERTEX
8
GRAVIROVANI
10
166.4000
20
69.6250
30
0.0
0
VERTEX
8
GRAVIROVANI
10
39.0000
20
69.6250
30
0.0
0
SEQEND
8
GRAVIROVANI
0
POLYLINE
8
GRAVIROVANI
10
0.0
20
0.0
30
0.0
66
1
70
1
0
VERTEX
8
GRAVIROVANI
10
171.0000
20
69.3750
30
0.0
0
VERTEX
8
GRAVIROVANI
10
181.8000
20
69.3750
30
0.0
0
VERTEX
8
GRAVIROVANI
10
181.8000
20
69.6250
30
0.0
0
VERTEX
8
GRAVIROVANI
10
171.0000
20
69.6250
30
0.0
0
SEQEND
8
GRAVIROVANI
0
POLYLINE
8
GRAVIROVANI
10
0.0
20
0.0
30
0.0
66
1
70
1
0
VERTEX
8
GRAVIROVANI
10
166.8750
20
70.5000
30
0.0
0
VERTEX
8
GRAVIROVANI
10
166.8750
20
69.5000
30
0.0
0
VERTEX
8
GRAVIROVANI
10
167.1250
20
69.5000
30
0.0
0
VERTEX
8
GRAVIROVANI
10
167.1250
20
70.5000
30
0.0
0
SEQEND
8
GRAVIROVANI
0
POLYLINE
8
GRAVIROVANI
10
0.0
20
0.0
30
0.0
66
1
70
1
0
VERTEX
8
GRAVIROVANI
10
168.0750
20
70.5000
30
0.0
0
VERTEX
8
GRAVIROVANI
10
168.0750
20
69.5000
30
0.0
0
VERTEX
8
GRAVIROVANI
10
168.3250
20
69.5000
30
0.0
0
VERTEX
8
GRAVIROVANI
10
168.3250
20
70.5000
30
0.0
0
SEQEND
8
GRAVIROVANI
0
POLYLINE
8
GRAVIROVANI
10
0.0
20
0.0
30
0.0
66
1
70
1
0
VERTEX
8
GRAVIROVANI
10
167.0000
20
69.3750
30
0.0
0
VERTEX
8
GRAVIROVANI
10
168.2000
20
69.3750
30
0.0
0
VERTEX
8
GRAVIROVANI
10
168.2000
20
69.6250
30
0.0
0
VERTEX
8
GRAVIROVANI
10
167.0000
20
69.6250
30
0.0
0
SEQEND
8
GRAVIROVANI
0
POLYLINE
8
GRAVIROVANI
10
0.0
20
0.0
30
0.0
66
1
70
1
0
VERTEX
8
GRAVIROVANI
10
168.0750
20
69.5000
30
0.0
0
VERTEX
8
GRAVIROVANI
10
168.0750
20
68.5000
30
0.0
0
VERTEX
8
GRAVIROVANI
10
168.3250
20
68.5000
30
0.0
0
VERTEX
8
GRAVIROVANI
10
168.3250
20
69.5000
30
0.0
0
SEQEND
8
GRAVIROVANI
0
POLYLINE
8
GRAVIROVANI
10
0.0
20
0.0
30
0.0
66
1
70
1
0
VERTEX
8
GRAVIROVANI
10
168.7000
20
70.3750
30
0.0
0
VERTEX
8
GRAVIROVANI
10
169.9000
20
70.3750
30
0.0
0
VERTEX
8
GRAVIROVANI
10
169.9000
20
70.6250
30
0.0
0
VERTEX
8
GRAVIROVANI
10
168.7000
20
70.6250
30
0.0
0
SEQEND
8
GRAVIROVANI
0
POLYLINE
8
GRAVIROVANI
10
0.0
20
0.0
30
0.0
66
1
70
1
0
VERTEX
8
GRAVIROVANI
10
168.5750
20
70.5000
30
0.0
0
VERTEX
8
GRAVIROVANI
10
168.5750
20
69.5000
30
0.0
0
VERTEX
8
GRAVIROVANI
10
168.8250
20
69.5000
30
0.0
0
VERTEX
8
GRAVIROVANI
10
168.8250
20
70.5000
30
0.0
0
SEQEND
8
GRAVIROVANI
0
POLYLINE
8
GRAVIROVANI
10
0.0
20
0.0
30
0.0
66
1
70
1
0
VERTEX
8
GRAVIROVANI
10
169.7750
20
70.5000
30
0.0
0
VERTEX
8
GRAVIROVANI
10
169.7750
20
69.5000
30
0.0
0
VERTEX
8
GRAVIROVANI
10
170.0250
20
69.5000
30
0.0
0
VERTEX
8
GRAVIROVANI
10
170.0250
20
70.5000
30
0.0
0
SEQEND
8
GRAVIROVANI
0
POLYLINE
8
GRAVIROVANI
10
0.0
20
0.0
30
0.0
66
1
70
1
0
VERTEX
8
GRAVIROVANI
10
168.5750
20
69.5000
30
0.0
0
VERTEX
8
GRAVIROVANI
10
168.5750
20
68.5000
30
0.0
0
VERTEX
8
GRAVIROVANI
10
168.8250
20
68.5000
30
0.0
0
VERTEX
8
GRAVIROVANI
10
168.8250
20
69.5000
30
0.0
0
SEQEND
8
GRAVIROVANI
0
POLYLINE
8
GRAVIROVANI
10
0.0
20
0.0
30
0.0
66
1
70
1
0
VERTEX
8
GRAVIROVANI
10
169.7750
20
69.5000
30
0.0
0
VERTEX
8
GRAVIROVANI
10
169.7750
20
68.5000
30
0.0
0
VERTEX
8
GRAVIROVANI
10
170.0250
20
68.5000
30
0.0
0
VERTEX
8
GRAVIROVANI
10
170.0250
20
69.5000
30
0.0
0
SEQEND
8
GRAVIROVANI
0
POLYLINE
8
GRAVIROVANI
10
0.0
20
0.0
30
0.0
66
1
70
1
0
VERTEX
8
GRAVIROVANI
10
168.7000
20
68.3750
30
0.0
0
VERTEX
8
GRAVIROVANI
10
169.9000
20
68.3750
30
0.0
0
VERTEX
8
GRAVIROVANI
10
169.9000
20
68.6250
30
0.0
0
VERTEX
8
GRAVIROVANI
10
168.7000
20
68.6250
30
0.0
0
SEQEND
8
GRAVIROVANI
0
POLYLINE
8
GRAVIROVANI
10
0.0
20
0.0
30
0.0
66
1
70
1
0
VERTEX
8
GRAVIROVANI
10
39.0000
20
52.3750
30
0.0
0
VERTEX
8
GRAVIROVANI
10
184.6000
20
52.3750
30
0.0
0
VERTEX
8
GRAVIROVANI
10
184.6000
20
52.6250
30
0.0
0
VERTEX
8
GRAVIROVANI
10
39.0000
20
52.6250
30
0.0
0
SEQEND
8
GRAVIROVANI
0
POLYLINE
8
GRAVIROVANI
10
0.0
20
0.0
30
0.0
66
1
70
1
0
VERTEX
8
GRAVIROVANI
10
189.2000
20
52.3750
30
0.0
0
VERTEX
8
GRAVIROVANI
10
200.0000
20
52.3750
30
0.0
0
VERTEX
8
GRAVIROVANI
10
200.0000
20
52.6250
30
0.0
0
VERTEX
8
GRAVIROVANI
10
189.2000
20
52.6250
30
0.0
0
SEQEND
8
GRAVIROVANI
0
POLYLINE
8
GRAVIROVANI
10
0.0
20
0.0
30
0.0
66
1
70
1
0
VERTEX
8
GRAVIROVANI
10
185.0750
20
53.5000
30
0.0
0
VERTEX
8
GRAVIROVANI
10
185.0750
20
52.5000
30
0.0
0
VERTEX
8
GRAVIROVANI
10
185.3250
20
52.5000
30
0.0
0
VERTEX
8
GRAVIROVANI
10
185.3250
20
53.5000
30
0.0
0
SEQEND
8
GRAVIROVANI
0
POLYLINE
8
GRAVIROVANI
10
0.0
20
0.0
30
0.0
66
1
70
1
0
VERTEX
8
GRAVIROVANI
10
186.2750
20
53.5000
30
0.0
0
VERTEX
8
GRAVIROVANI
10
186.2750
20
52.5000
30
0.0
0
VERTEX
8
GRAVIROVANI
10
186.5250
20
52.5000
30
0.0
0
VERTEX
8
GRAVIROVANI
10
186.5250
20
53.5000
30
0.0
0
SEQEND
8
GRAVIROVANI
0
POLYLINE
8
GRAVIROVANI
10
0.0
20
0.0
30
0.0
66
1
70
1
0
VERTEX
8
GRAVIROVANI
10
185.2000
20
52.3750
30
0.0
0
VERTEX
8
GRAVIROVANI
10
186.4000
20
52.3750
30
0.0
0
VERTEX
8
GRAVIROVANI
10
186.4000
20
52.6250
30
0.0
0
VERTEX
8
GRAVIROVANI
10
185.2000
20
52.6250
30
0.0
0
SEQEND
8
GRAVIROVANI
0
POLYLINE
8
GRAVIROVANI
10
0.0
20
0.0
30
0.0
66
1
70
1
0
VERTEX
8
GRAVIROVANI
10
186.2750
20
52.5000
30
0.0
0
VERTEX
8
GRAVIROVANI
10
186.2750
20
51.5000
30
0.0
0
VERTEX
8
GRAVIROVANI
10
186.5250
20
51.5000
30
0.0
0
VERTEX
8
GRAVIROVANI
10
186.5250
20
52.5000
30
0.0
0
SEQEND
8
GRAVIROVANI
0
POLYLINE
8
GRAVIROVANI
10
0.0
20
0.0
30
0.0
66
1
70
1
0
VERTEX
8
GRAVIROVANI
10
186.9000
20
53.3750
30
0.0
0
VERTEX
8
GRAVIROVANI
10
188.1000
20
53.3750
30
0.0
0
VERTEX
8
GRAVIROVANI
10
188.1000
20
53.6250
30
0.0
0
VERTEX
8
GRAVIROVANI
10
186.9000
20
53.6250
30
0.0
0
SEQEND
8
GRAVIROVANI
0
POLYLINE
8
GRAVIROVANI
10
0.0
20
0.0
30
0.0
66
1
70
1
0
VERTEX
8
GRAVIROVANI
10
186.7750
20
53.5000
30
0.0
0
VERTEX
8
GRAVIROVANI
10
186.7750
20
52.5000
30
0.0
0
VERTEX
8
GRAVIROVANI
10
187.0250
20
52.5000
30
0.0
0
VERTEX
8
GRAVIROVANI
10
187.0250
20
53.5000
30
0.0
0
SEQEND
8
GRAVIROVANI
0
POLYLINE
8
GRAVIROVANI
10
0.0
20
0.0
30
0.0
66
1
70
1
0
VERTEX
8
GRAVIROVANI
10
187.9750
20
53.5000
30
0.0
0
VERTEX
8
GRAVIROVANI
10
187.9750
20
52.5000
30
0.0
0
VERTEX
8
GRAVIROVANI
10
188.2250
20
52.5000
30
0.0
0
VERTEX
8
GRAVIROVANI
10
188.2250
20
53.5000
30
0.0
0
SEQEND
8
GRAVIROVANI
0
POLYLINE
8
GRAVIROVANI
10
0.0
20
0.0
30
0.0
66
1
70
1
0
VERTEX
8
GRAVIROVANI
10
186.7750
20
52.5000
30
0.0
0
VERTEX
8
GRAVIROVANI
10
186.7750
20
51.5000
30
0.0
0
VERTEX
8
GRAVIROVANI
10
187.0250
20
51.5000
30
0.0
0
VERTEX
8
GRAVIROVANI
10
187.0250
20
52.5000
30
0.0
0
SEQEND
8
GRAVIROVANI
0
POLYLINE
8
GRAVIROVANI
10
0.0
20
0.0
30
0.0
66
1
70
1
0
VERTEX
8
GRAVIROVANI
10
187.9750
20
52.5000
30
0.0
0
VERTEX
8
GRAVIROVANI
10
187.9750
20
51.5000
30
0.0
0
VERTEX
8
GRAVIROVANI
10
188.2250
20
51.5000
30
0.0
0
VERTEX
8
GRAVIROVANI
10
188.2250
20
52.5000
30
0.0
0
SEQEND
8
GRAVIROVANI
0
POLYLINE
8
GRAVIROVANI
10
0.0
20
0.0
30
0.0
66
1
70
1
0
VERTEX
8
GRAVIROVANI
10
186.9000
20
51.3750
30
0.0
0
VERTEX
8
GRAVIROVANI
10
188.1000
20
51.3750
30
0.0
0
VERTEX
8
GRAVIROVANI
10
188.1000
20
51.6250
30
0.0
0
VERTEX
8
GRAVIROVANI
10
186.9000
20
51.6250
30
0.0
0
SEQEND
8
GRAVIROVANI
0
POLYLINE
8
GRAVIROVANI
10
0.0
20
0.0
30
0.0
66
1
70
1
0
VERTEX
8
GRAVIROVANI
10
39.0000
20
12.3750
30
0.0
0
VERTEX
8
GRAVIROVANI
10
184.6000
20
12.3750
30
0.0
0
VERTEX
8
GRAVIROVANI
10
184.6000
20
12.6250
30
0.0
0
VERTEX
8
GRAVIROVANI
10
39.0000
20
12.6250
30
0.0
0
SEQEND
8
GRAVIROVANI
0
POLYLINE
8
GRAVIROVANI
10
0.0
20
0.0
30
0.0
66
1
70
1
0
VERTEX
8
GRAVIROVANI
10
189.2000
20
12.3750
30
0.0
0
VERTEX
8
GRAVIROVANI
10
200.0000
20
12.3750
30
0.0
0
VERTEX
8
GRAVIROVANI
10
200.0000
20
12.6250
30
0.0
0
VERTEX
8
GRAVIROVANI
10
189.2000
20
12.6250
30
0.0
0
SEQEND
8
GRAVIROVANI
0
POLYLINE
8
GRAVIROVANI
10
0.0
20
0.0
30
0.0
66
1
70
1
0
VERTEX
8
GRAVIROVANI
10
185.0750
20
13.5000
30
0.0
0
VERTEX
8
GRAVIROVANI
10
185.0750
20
12.5000
30
0.0
0
VERTEX
8
GRAVIROVANI
10
185.3250
20
12.5000
30
0.0
0
VERTEX
8
GRAVIROVANI
10
185.3250
20
13.5000
30
0.0
0
SEQEND
8
GRAVIROVANI
0
POLYLINE
8
GRAVIROVANI
10
0.0
20
0.0
30
0.0
66
1
70
1
0
VERTEX
8
GRAVIROVANI
10
186.2750
20
13.5000
30
0.0
0
VERTEX
8
GRAVIROVANI
10
186.2750
20
12.5000
30
0.0
0
VERTEX
8
GRAVIROVANI
10
186.5250
20
12.5000
30
0.0
0
VERTEX
8
GRAVIROVANI
10
186.5250
20
13.5000
30
0.0
0
SEQEND
8
GRAVIROVANI
0
POLYLINE
8
GRAVIROVANI
10
0.0
20
0.0
30
0.0
66
1
70
1
0
VERTEX
8
GRAVIROVANI
10
185.2000
20
12.3750
30
0.0
0
VERTEX
8
GRAVIROVANI
10
186.4000
20
12.3750
30
0.0
0
VERTEX
8
GRAVIROVANI
10
186.4000
20
12.6250
30
0.0
0
VERTEX
8
GRAVIROVANI
10
185.2000
20
12.6250
30
0.0
0
SEQEND
8
GRAVIROVANI
0
POLYLINE
8
GRAVIROVANI
10
0.0
20
0.0
30
0.0
66
1
70
1
0
VERTEX
8
GRAVIROVANI
10
186.2750
20
12.5000
30
0.0
0
VERTEX
8
GRAVIROVANI
10
186.2750
20
11.5000
30
0.0
0
VERTEX
8
GRAVIROVANI
10
186.5250
20
11.5000
30
0.0
0
VERTEX
8
GRAVIROVANI
10
186.5250
20
12.5000
30
0.0
0
SEQEND
8
GRAVIROVANI
0
POLYLINE
8
GRAVIROVANI
10
0.0
20
0.0
30
0.0
66
1
70
1
0
VERTEX
8
GRAVIROVANI
10
186.9000
20
13.3750
30
0.0
0
VERTEX
8
GRAVIROVANI
10
188.1000
20
13.3750
30
0.0
0
VERTEX
8
GRAVIROVANI
10
188.1000
20
13.6250
30
0.0
0
VERTEX
8
GRAVIROVANI
10
186.9000
20
13.6250
30
0.0
0
SEQEND
8
GRAVIROVANI
0
POLYLINE
8
GRAVIROVANI
10
0.0
20
0.0
30
0.0
66
1
70
1
0
VERTEX
8
GRAVIROVANI
10
186.7750
20
13.5000
30
0.0
0
VERTEX
8
GRAVIROVANI
10
186.7750
20
12.5000
30
0.0
0
VERTEX
8
GRAVIROVANI
10
187.0250
20
12.5000
30
0.0
0
VERTEX
8
GRAVIROVANI
10
187.0250
20
13.5000
30
0.0
0
SEQEND
8
GRAVIROVANI
0
POLYLINE
8
GRAVIROVANI
10
0.0
20
0.0
30
0.0
66
1
70
1
0
VERTEX
8
GRAVIROVANI
10
187.9750
20
13.5000
30
0.0
0
VERTEX
8
GRAVIROVANI
10
187.9750
20
12.5000
30
0.0
0
VERTEX
8
GRAVIROVANI
10
188.2250
20
12.5000
30
0.0
0
VERTEX
8
GRAVIROVANI
10
188.2250
20
13.5000
30
0.0
0
SEQEND
8
GRAVIROVANI
0
POLYLINE
8
GRAVIROVANI
10
0.0
20
0.0
30
0.0
66
1
70
1
0
VERTEX
8
GRAVIROVANI
10
186.7750
20
12.5000
30
0.0
0
VERTEX
8
GRAVIROVANI
10
186.7750
20
11.5000
30
0.0
0
VERTEX
8
GRAVIROVANI
10
187.0250
20
11.5000
30
0.0
0
VERTEX
8
GRAVIROVANI
10
187.0250
20
12.5000
30
0.0
0
SEQEND
8
GRAVIROVANI
0
POLYLINE
8
GRAVIROVANI
10
0.0
20
0.0
30
0.0
66
1
70
1
0
VERTEX
8
GRAVIROVANI
10
187.9750
20
12.5000
30
0.0
0
VERTEX
8
GRAVIROVANI
10
187.9750
20
11.5000
30
0.0
0
VERTEX
8
GRAVIROVANI
10
188.2250
20
11.5000
30
0.0
0
VERTEX
8
GRAVIROVANI
10
188.2250
20
12.5000
30
0.0
0
SEQEND
8
GRAVIROVANI
0
POLYLINE
8
GRAVIROVANI
10
0.0
20
0.0
30
0.0
66
1
70
1
0
VERTEX
8
GRAVIROVANI
10
186.9000
20
11.3750
30
0.0
0
VERTEX
8
GRAVIROVANI
10
188.1000
20
11.3750
30
0.0
0
VERTEX
8
GRAVIROVANI
10
188.1000
20
11.6250
30
0.0
0
VERTEX
8
GRAVIROVANI
10
186.9000
20
11.6250
30
0.0
0
SEQEND
8
GRAVIROVANI
0
POLYLINE
8
GRAVIROVANI
10
0.0
20
0.0
30
0.0
66
1
70
1
0
VERTEX
8
GRAVIROVANI
10
39.0000
20
163.8750
30
0.0
0
VERTEX
8
GRAVIROVANI
10
125.0870
20
163.8750
30
0.0
0
VERTEX
8
GRAVIROVANI
10
125.0870
20
164.1250
30
0.0
0
VERTEX
8
GRAVIROVANI
10
39.0000
20
164.1250
30
0.0
0
SEQEND
8
GRAVIROVANI
0
POLYLINE
8
GRAVIROVANI
10
0.0
20
0.0
30
0.0
66
1
70
1
0
VERTEX
8
GRAVIROVANI
10
129.6870
20
163.8750
30
0.0
0
VERTEX
8
GRAVIROVANI
10
145.2870
20
163.8750
30
0.0
0
VERTEX
8
GRAVIROVANI
10
145.2870
20
164.1250
30
0.0
0
VERTEX
8
GRAVIROVANI
10
129.6870
20
164.1250
30
0.0
0
SEQEND
8
GRAVIROVANI
0
POLYLINE
8
GRAVIROVANI
10
0.0
20
0.0
30
0.0
66
1
70
1
0
VERTEX
8
GRAVIROVANI
10
125.6870
20
164.8750
30
0.0
0
VERTEX
8
GRAVIROVANI
10
126.8870
20
164.8750
30
0.0
0
VERTEX
8
GRAVIROVANI
10
126.8870
20
165.1250
30
0.0
0
VERTEX
8
GRAVIROVANI
10
125.6870
20
165.1250
30
0.0
0
SEQEND
8
GRAVIROVANI
0
POLYLINE
8
GRAVIROVANI
10
0.0
20
0.0
30
0.0
66
1
70
1
0
VERTEX
8
GRAVIROVANI
10
126.7620
20
165.0000
30
0.0
0
VERTEX
8
GRAVIROVANI
10
126.7620
20
164.0000
30
0.0
0
VERTEX
8
GRAVIROVANI
10
127.0120
20
164.0000
30
0.0
0
VERTEX
8
GRAVIROVANI
10
127.0120
20
165.0000
30
0.0
0
SEQEND
8
GRAVIROVANI
0
POLYLINE
8
GRAVIROVANI
10
0.0
20
0.0
30
0.0
66
1
70
1
0
VERTEX
8
GRAVIROVANI
10
125.6870
20
163.8750
30
0.0
0
VERTEX
8
GRAVIROVANI
10
126.8870
20
163.8750
30
0.0
0
VERTEX
8
GRAVIROVANI
10
126.8870
20
164.1250
30
0.0
0
VERTEX
8
GRAVIROVANI
10
125.6870
20
164.1250
30
0.0
0
SEQEND
8
GRAVIROVANI
0
POLYLINE
8
GRAVIROVANI
10
0.0
20
0.0
30
0.0
66
1
70
1
0
VERTEX
8
GRAVIROVANI
10
126.7620
20
164.0000
30
0.0
0
VERTEX
8
GRAVIROVANI
10
126.7620
20
163.0000
30
0.0
0
VERTEX
8
GRAVIROVANI
10
127.0120
20
163.0000
30
0.0
0
VERTEX
8
GRAVIROVANI
10
127.0120
20
164.0000
30
0.0
0
SEQEND
8
GRAVIROVANI
0
POLYLINE
8
GRAVIROVANI
10
0.0
20
0.0
30
0.0
66
1
70
1
0
VERTEX
8
GRAVIROVANI
10
125.6870
20
162.8750
30
0.0
0
VERTEX
8
GRAVIROVANI
10
126.8870
20
162.8750
30
0.0
0
VERTEX
8
GRAVIROVANI
10
126.8870
20
163.1250
30
0.0
0
VERTEX
8
GRAVIROVANI
10
125.6870
20
163.1250
30
0.0
0
SEQEND
8
GRAVIROVANI
0
POLYLINE
8
GRAVIROVANI
10
0.0
20
0.0
30
0.0
66
1
70
1
0
VERTEX
8
GRAVIROVANI
10
127.3870
20
164.8750
30
0.0
0
VERTEX
8
GRAVIROVANI
10
128.5870
20
164.8750
30
0.0
0
VERTEX
8
GRAVIROVANI
10
128.5870
20
165.1250
30
0.0
0
VERTEX
8
GRAVIROVANI
10
127.3870
20
165.1250
30
0.0
0
SEQEND
8
GRAVIROVANI
0
POLYLINE
8
GRAVIROVANI
10
0.0
20
0.0
30
0.0
66
1
70
1
0
VERTEX
8
GRAVIROVANI
10
127.2620
20
165.0000
30
0.0
0
VERTEX
8
GRAVIROVANI
10
127.2620
20
164.0000
30
0.0
0
VERTEX
8
GRAVIROVANI
10
127.5120
20
164.0000
30
0.0
0
VERTEX
8
GRAVIROVANI
10
127.5120
20
165.0000
30
0.0
0
SEQEND
8
GRAVIROVANI
0
POLYLINE
8
GRAVIROVANI
10
0.0
20
0.0
30
0.0
66
1
70
1
0
VERTEX
8
GRAVIROVANI
10
127.3870
20
163.8750
30
0.0
0
VERTEX
8
GRAVIROVANI
10
128.5870
20
163.8750
30
0.0
0
VERTEX
8
GRAVIROVANI
10
128.5870
20
164.1250
30
0.0
0
VERTEX
8
GRAVIROVANI
10
127.3870
20
164.1250
30
0.0
0
SEQEND
8
GRAVIROVANI
0
POLYLINE
8
GRAVIROVANI
10
0.0
20
0.0
30
0.0
66
1
70
1
0
VERTEX
8
GRAVIROVANI
10
128.4620
20
164.0000
30
0.0
0
VERTEX
8
GRAVIROVANI
10
128.4620
20
163.0000
30
0.0
0
VERTEX
8
GRAVIROVANI
10
128.7120
20
163.0000
30
0.0
0
VERTEX
8
GRAVIROVANI
10
128.7120
20
164.0000
30
0.0
0
SEQEND
8
GRAVIROVANI
0
POLYLINE
8
GRAVIROVANI
10
0.0
20
0.0
30
0.0
66
1
70
1
0
VERTEX
8
GRAVIROVANI
10
127.3870
20
162.8750
30
0.0
0
VERTEX
8
GRAVIROVANI
10
128.5870
20
162.8750
30
0.0
0
VERTEX
8
GRAVIROVANI
10
128.5870
20
163.1250
30
0.0
0
VERTEX
8
GRAVIROVANI
10
127.3870
20
163.1250
30
0.0
0
SEQEND
8
GRAVIROVANI
0
POLYLINE
8
GRAVIROVANI
10
0.0
20
0.0
30
0.0
66
1
70
1
0
VERTEX
8
GRAVIROVANI
10
39.0000
20
128.8750
30
0.0
0
VERTEX
8
GRAVIROVANI
10
125.0870
20
128.8750
30
0.0
0
VERTEX
8
GRAVIROVANI
10
125.0870
20
129.1250
30
0.0
0
VERTEX
8
GRAVIROVANI
10
39.0000
20
129.1250
30
0.0
0
SEQEND
8
GRAVIROVANI
0
POLYLINE
8
GRAVIROVANI
10
0.0
20
0.0
30
0.0
66
1
70
1
0
VERTEX
8
GRAVIROVANI
10
129.6870
20
128.8750
30
0.0
0
VERTEX
8
GRAVIROVANI
10
145.2870
20
128.8750
30
0.0
0
VERTEX
8
GRAVIROVANI
10
145.2870
20
129.1250
30
0.0
0
VERTEX
8
GRAVIROVANI
10
129.6870
20
129.1250
30
0.0
0
SEQEND
8
GRAVIROVANI
0
POLYLINE
8
GRAVIROVANI
10
0.0
20
0.0
30
0.0
66
1
70
1
0
VERTEX
8
GRAVIROVANI
10
125.6870
20
129.8750
30
0.0
0
VERTEX
8
GRAVIROVANI
10
126.8870
20
129.8750
30
0.0
0
VERTEX
8
GRAVIROVANI
10
126.8870
20
130.1250
30
0.0
0
VERTEX
8
GRAVIROVANI
10
125.6870
20
130.1250
30
0.0
0
SEQEND
8
GRAVIROVANI
0
POLYLINE
8
GRAVIROVANI
10
0.0
20
0.0
30
0.0
66
1
70
1
0
VERTEX
8
GRAVIROVANI
10
126.7620
20
130.0000
30
0.0
0
VERTEX
8
GRAVIROVANI
10
126.7620
20
129.0000
30
0.0
0
VERTEX
8
GRAVIROVANI
10
127.0120
20
129.0000
30
0.0
0
VERTEX
8
GRAVIROVANI
10
127.0120
20
130.0000
30
0.0
0
SEQEND
8
GRAVIROVANI
0
POLYLINE
8
GRAVIROVANI
10
0.0
20
0.0
30
0.0
66
1
70
1
0
VERTEX
8
GRAVIROVANI
10
125.6870
20
128.8750
30
0.0
0
VERTEX
8
GRAVIROVANI
10
126.8870
20
128.8750
30
0.0
0
VERTEX
8
GRAVIROVANI
10
126.8870
20
129.1250
30
0.0
0
VERTEX
8
GRAVIROVANI
10
125.6870
20
129.1250
30
0.0
0
SEQEND
8
GRAVIROVANI
0
POLYLINE
8
GRAVIROVANI
10
0.0
20
0.0
30
0.0
66
1
70
1
0
VERTEX
8
GRAVIROVANI
10
126.7620
20
129.0000
30
0.0
0
VERTEX
8
GRAVIROVANI
10
126.7620
20
128.0000
30
0.0
0
VERTEX
8
GRAVIROVANI
10
127.0120
20
128.0000
30
0.0
0
VERTEX
8
GRAVIROVANI
10
127.0120
20
129.0000
30
0.0
0
SEQEND
8
GRAVIROVANI
0
POLYLINE
8
GRAVIROVANI
10
0.0
20
0.0
30
0.0
66
1
70
1
0
VERTEX
8
GRAVIROVANI
10
125.6870
20
127.8750
30
0.0
0
VERTEX
8
GRAVIROVANI
10
126.8870
20
127.8750
30
0.0
0
VERTEX
8
GRAVIROVANI
10
126.8870
20
128.1250
30
0.0
0
VERTEX
8
GRAVIROVANI
10
125.6870
20
128.1250
30
0.0
0
SEQEND
8
GRAVIROVANI
0
POLYLINE
8
GRAVIROVANI
10
0.0
20
0.0
30
0.0
66
1
70
1
0
VERTEX
8
GRAVIROVANI
10
127.3870
20
129.8750
30
0.0
0
VERTEX
8
GRAVIROVANI
10
128.5870
20
129.8750
30
0.0
0
VERTEX
8
GRAVIROVANI
10
128.5870
20
130.1250
30
0.0
0
VERTEX
8
GRAVIROVANI
10
127.3870
20
130.1250
30
0.0
0
SEQEND
8
GRAVIROVANI
0
POLYLINE
8
GRAVIROVANI
10
0.0
20
0.0
30
0.0
66
1
70
1
0
VERTEX
8
GRAVIROVANI
10
127.2620
20
130.0000
30
0.0
0
VERTEX
8
GRAVIROVANI
10
127.2620
20
129.0000
30
0.0
0
VERTEX
8
GRAVIROVANI
10
127.5120
20
129.0000
30
0.0
0
VERTEX
8
GRAVIROVANI
10
127.5120
20
130.0000
30
0.0
0
SEQEND
8
GRAVIROVANI
0
POLYLINE
8
GRAVIROVANI
10
0.0
20
0.0
30
0.0
66
1
70
1
0
VERTEX
8
GRAVIROVANI
10
127.3870
20
128.8750
30
0.0
0
VERTEX
8
GRAVIROVANI
10
128.5870
20
128.8750
30
0.0
0
VERTEX
8
GRAVIROVANI
10
128.5870
20
129.1250
30
0.0
0
VERTEX
8
GRAVIROVANI
10
127.3870
20
129.1250
30
0.0
0
SEQEND
8
GRAVIROVANI
0
POLYLINE
8
GRAVIROVANI
10
0.0
20
0.0
30
0.0
66
1
70
1
0
VERTEX
8
GRAVIROVANI
10
128.4620
20
129.0000
30
0.0
0
VERTEX
8
GRAVIROVANI
10
128.4620
20
128.0000
30
0.0
0
VERTEX
8
GRAVIROVANI
10
128.7120
20
128.0000
30
0.0
0
VERTEX
8
GRAVIROVANI
10
128.7120
20
129.0000
30
0.0
0
SEQEND
8
GRAVIROVANI
0
POLYLINE
8
GRAVIROVANI
10
0.0
20
0.0
30
0.0
66
1
70
1
0
VERTEX
8
GRAVIROVANI
10
127.3870
20
127.8750
30
0.0
0
VERTEX
8
GRAVIROVANI
10
128.5870
20
127.8750
30
0.0
0
VERTEX
8
GRAVIROVANI
10
128.5870
20
128.1250
30
0.0
0
VERTEX
8
GRAVIROVANI
10
127.3870
20
128.1250
30
0.0
0
SEQEND
8
GRAVIROVANI
0
POLYLINE
8
GRAVIROVANI
10
0.0
20
0.0
30
0.0
66
1
70
1
0
VERTEX
8
GRAVIROVANI
10
39.0000
20
106.8750
30
0.0
0
VERTEX
8
GRAVIROVANI
10
161.6000
20
106.8750
30
0.0
0
VERTEX
8
GRAVIROVANI
10
161.6000
20
107.1250
30
0.0
0
VERTEX
8
GRAVIROVANI
10
39.0000
20
107.1250
30
0.0
0
SEQEND
8
GRAVIROVANI
0
POLYLINE
8
GRAVIROVANI
10
0.0
20
0.0
30
0.0
66
1
70
1
0
VERTEX
8
GRAVIROVANI
10
166.2000
20
106.8750
30
0.0
0
VERTEX
8
GRAVIROVANI
10
181.8000
20
106.8750
30
0.0
0
VERTEX
8
GRAVIROVANI
10
181.8000
20
107.1250
30
0.0
0
VERTEX
8
GRAVIROVANI
10
166.2000
20
107.1250
30
0.0
0
SEQEND
8
GRAVIROVANI
0
POLYLINE
8
GRAVIROVANI
10
0.0
20
0.0
30
0.0
66
1
70
1
0
VERTEX
8
GRAVIROVANI
10
162.2000
20
107.8750
30
0.0
0
VERTEX
8
GRAVIROVANI
10
163.4000
20
107.8750
30
0.0
0
VERTEX
8
GRAVIROVANI
10
163.4000
20
108.1250
30
0.0
0
VERTEX
8
GRAVIROVANI
10
162.2000
20
108.1250
30
0.0
0
SEQEND
8
GRAVIROVANI
0
POLYLINE
8
GRAVIROVANI
10
0.0
20
0.0
30
0.0
66
1
70
1
0
VERTEX
8
GRAVIROVANI
10
163.2750
20
108.0000
30
0.0
0
VERTEX
8
GRAVIROVANI
10
163.2750
20
107.0000
30
0.0
0
VERTEX
8
GRAVIROVANI
10
163.5250
20
107.0000
30
0.0
0
VERTEX
8
GRAVIROVANI
10
163.5250
20
108.0000
30
0.0
0
SEQEND
8
GRAVIROVANI
0
POLYLINE
8
GRAVIROVANI
10
0.0
20
0.0
30
0.0
66
1
70
1
0
VERTEX
8
GRAVIROVANI
10
162.2000
20
106.8750
30
0.0
0
VERTEX
8
GRAVIROVANI
10
163.4000
20
106.8750
30
0.0
0
VERTEX
8
GRAVIROVANI
10
163.4000
20
107.1250
30
0.0
0
VERTEX
8
GRAVIROVANI
10
162.2000
20
107.1250
30
0.0
0
SEQEND
8
GRAVIROVANI
0
POLYLINE
8
GRAVIROVANI
10
0.0
20
0.0
30
0.0
66
1
70
1
0
VERTEX
8
GRAVIROVANI
10
163.2750
20
107.0000
30
0.0
0
VERTEX
8
GRAVIROVANI
10
163.2750
20
106.0000
30
0.0
0
VERTEX
8
GRAVIROVANI
10
163.5250
20
106.0000
30
0.0
0
VERTEX
8
GRAVIROVANI
10
163.5250
20
107.0000
30
0.0
0
SEQEND
8
GRAVIROVANI
0
POLYLINE
8
GRAVIROVANI
10
0.0
20
0.0
30
0.0
66
1
70
1
0
VERTEX
8
GRAVIROVANI
10
162.2000
20
105.8750
30
0.0
0
VERTEX
8
GRAVIROVANI
10
163.4000
20
105.8750
30
0.0
0
VERTEX
8
GRAVIROVANI
10
163.4000
20
106.1250
30
0.0
0
VERTEX
8
GRAVIROVANI
10
162.2000
20
106.1250
30
0.0
0
SEQEND
8
GRAVIROVANI
0
POLYLINE
8
GRAVIROVANI
10
0.0
20
0.0
30
0.0
66
1
70
1
0
VERTEX
8
GRAVIROVANI
10
163.9000
20
107.8750
30
0.0
0
VERTEX
8
GRAVIROVANI
10
165.1000
20
107.8750
30
0.0
0
VERTEX
8
GRAVIROVANI
10
165.1000
20
108.1250
30
0.0
0
VERTEX
8
GRAVIROVANI
10
163.9000
20
108.1250
30
0.0
0
SEQEND
8
GRAVIROVANI
0
POLYLINE
8
GRAVIROVANI
10
0.0
20
0.0
30
0.0
66
1
70
1
0
VERTEX
8
GRAVIROVANI
10
163.7750
20
108.0000
30
0.0
0
VERTEX
8
GRAVIROVANI
10
163.7750
20
107.0000
30
0.0
0
VERTEX
8
GRAVIROVANI
10
164.0250
20
107.0000
30
0.0
0
VERTEX
8
GRAVIROVANI
10
164.0250
20
108.0000
30
0.0
0
SEQEND
8
GRAVIROVANI
0
POLYLINE
8
GRAVIROVANI
10
0.0
20
0.0
30
0.0
66
1
70
1
0
VERTEX
8
GRAVIROVANI
10
163.9000
20
106.8750
30
0.0
0
VERTEX
8
GRAVIROVANI
10
165.1000
20
106.8750
30
0.0
0
VERTEX
8
GRAVIROVANI
10
165.1000
20
107.1250
30
0.0
0
VERTEX
8
GRAVIROVANI
10
163.9000
20
107.1250
30
0.0
0
SEQEND
8
GRAVIROVANI
0
POLYLINE
8
GRAVIROVANI
10
0.0
20
0.0
30
0.0
66
1
70
1
0
VERTEX
8
GRAVIROVANI
10
164.9750
20
107.0000
30
0.0
0
VERTEX
8
GRAVIROVANI
10
164.9750
20
106.0000
30
0.0
0
VERTEX
8
GRAVIROVANI
10
165.2250
20
106.0000
30
0.0
0
VERTEX
8
GRAVIROVANI
10
165.2250
20
107.0000
30
0.0
0
SEQEND
8
GRAVIROVANI
0
POLYLINE
8
GRAVIROVANI
10
0.0
20
0.0
30
0.0
66
1
70
1
0
VERTEX
8
GRAVIROVANI
10
163.9000
20
105.8750
30
0.0
0
VERTEX
8
GRAVIROVANI
10
165.1000
20
105.8750
30
0.0
0
VERTEX
8
GRAVIROVANI
10
165.1000
20
106.1250
30
0.0
0
VERTEX
8
GRAVIROVANI
10
163.9000
20
106.1250
30
0.0
0
SEQEND
8
GRAVIROVANI
0
POLYLINE
8
GRAVIROVANI
10
0.0
20
0.0
30
0.0
66
1
70
1
0
VERTEX
8
GRAVIROVANI
10
39.0000
20
71.8750
30
0.0
0
VERTEX
8
GRAVIROVANI
10
161.6000
20
71.8750
30
0.0
0
VERTEX
8
GRAVIROVANI
10
161.6000
20
72.1250
30
0.0
0
VERTEX
8
GRAVIROVANI
10
39.0000
20
72.1250
30
0.0
0
SEQEND
8
GRAVIROVANI
0
POLYLINE
8
GRAVIROVANI
10
0.0
20
0.0
30
0.0
66
1
70
1
0
VERTEX
8
GRAVIROVANI
10
166.2000
20
71.8750
30
0.0
0
VERTEX
8
GRAVIROVANI
10
181.8000
20
71.8750
30
0.0
0
VERTEX
8
GRAVIROVANI
10
181.8000
20
72.1250
30
0.0
0
VERTEX
8
GRAVIROVANI
10
166.2000
20
72.1250
30
0.0
0
SEQEND
8
GRAVIROVANI
0
POLYLINE
8
GRAVIROVANI
10
0.0
20
0.0
30
0.0
66
1
70
1
0
VERTEX
8
GRAVIROVANI
10
162.2000
20
72.8750
30
0.0
0
VERTEX
8
GRAVIROVANI
10
163.4000
20
72.8750
30
0.0
0
VERTEX
8
GRAVIROVANI
10
163.4000
20
73.1250
30
0.0
0
VERTEX
8
GRAVIROVANI
10
162.2000
20
73.1250
30
0.0
0
SEQEND
8
GRAVIROVANI
0
POLYLINE
8
GRAVIROVANI
10
0.0
20
0.0
30
0.0
66
1
70
1
0
VERTEX
8
GRAVIROVANI
10
163.2750
20
73.0000
30
0.0
0
VERTEX
8
GRAVIROVANI
10
163.2750
20
72.0000
30
0.0
0
VERTEX
8
GRAVIROVANI
10
163.5250
20
72.0000
30
0.0
0
VERTEX
8
GRAVIROVANI
10
163.5250
20
73.0000
30
0.0
0
SEQEND
8
GRAVIROVANI
0
POLYLINE
8
GRAVIROVANI
10
0.0
20
0.0
30
0.0
66
1
70
1
0
VERTEX
8
GRAVIROVANI
10
162.2000
20
71.8750
30
0.0
0
VERTEX
8
GRAVIROVANI
10
163.4000
20
71.8750
30
0.0
0
VERTEX
8
GRAVIROVANI
10
163.4000
20
72.1250
30
0.0
0
VERTEX
8
GRAVIROVANI
10
162.2000
20
72.1250
30
0.0
0
SEQEND
8
GRAVIROVANI
0
POLYLINE
8
GRAVIROVANI
10
0.0
20
0.0
30
0.0
66
1
70
1
0
VERTEX
8
GRAVIROVANI
10
163.2750
20
72.0000
30
0.0
0
VERTEX
8
GRAVIROVANI
10
163.2750
20
71.0000
30
0.0
0
VERTEX
8
GRAVIROVANI
10
163.5250
20
71.0000
30
0.0
0
VERTEX
8
GRAVIROVANI
10
163.5250
20
72.0000
30
0.0
0
SEQEND
8
GRAVIROVANI
0
POLYLINE
8
GRAVIROVANI
10
0.0
20
0.0
30
0.0
66
1
70
1
0
VERTEX
8
GRAVIROVANI
10
162.2000
20
70.8750
30
0.0
0
VERTEX
8
GRAVIROVANI
10
163.4000
20
70.8750
30
0.0
0
VERTEX
8
GRAVIROVANI
10
163.4000
20
71.1250
30
0.0
0
VERTEX
8
GRAVIROVANI
10
162.2000
20
71.1250
30
0.0
0
SEQEND
8
GRAVIROVANI
0
POLYLINE
8
GRAVIROVANI
10
0.0
20
0.0
30
0.0
66
1
70
1
0
VERTEX
8
GRAVIROVANI
10
163.9000
20
72.8750
30
0.0
0
VERTEX
8
GRAVIROVANI
10
165.1000
20
72.8750
30
0.0
0
VERTEX
8
GRAVIROVANI
10
165.1000
20
73.1250
30
0.0
0
VERTEX
8
GRAVIROVANI
10
163.9000
20
73.1250
30
0.0
0
SEQEND
8
GRAVIROVANI
0
POLYLINE
8
GRAVIROVANI
10
0.0
20
0.0
30
0.0
66
1
70
1
0
VERTEX
8
GRAVIROVANI
10
163.7750
20
73.0000
30
0.0
0
VERTEX
8
GRAVIROVANI
10
163.7750
20
72.0000
30
0.0
0
VERTEX
8
GRAVIROVANI
10
164.0250
20
72.0000
30
0.0
0
VERTEX
8
GRAVIROVANI
10
164.0250
20
73.0000
30
0.0
0
SEQEND
8
GRAVIROVANI
0
POLYLINE
8
GRAVIROVANI
10
0.0
20
0.0
30
0.0
66
1
70
1
0
VERTEX
8
GRAVIROVANI
10
163.9000
20
71.8750
30
0.0
0
VERTEX
8
GRAVIROVANI
10
165.1000
20
71.8750
30
0.0
0
VERTEX
8
GRAVIROVANI
10
165.1000
20
72.1250
30
0.0
0
VERTEX
8
GRAVIROVANI
10
163.9000
20
72.1250
30
0.0
0
SEQEND
8
GRAVIROVANI
0
POLYLINE
8
GRAVIROVANI
10
0.0
20
0.0
30
0.0
66
1
70
1
0
VERTEX
8
GRAVIROVANI
10
164.9750
20
72.0000
30
0.0
0
VERTEX
8
GRAVIROVANI
10
164.9750
20
71.0000
30
0.0
0
VERTEX
8
GRAVIROVANI
10
165.2250
20
71.0000
30
0.0
0
VERTEX
8
GRAVIROVANI
10
165.2250
20
72.0000
30
0.0
0
SEQEND
8
GRAVIROVANI
0
POLYLINE
8
GRAVIROVANI
10
0.0
20
0.0
30
0.0
66
1
70
1
0
VERTEX
8
GRAVIROVANI
10
163.9000
20
70.8750
30
0.0
0
VERTEX
8
GRAVIROVANI
10
165.1000
20
70.8750
30
0.0
0
VERTEX
8
GRAVIROVANI
10
165.1000
20
71.1250
30
0.0
0
VERTEX
8
GRAVIROVANI
10
163.9000
20
71.1250
30
0.0
0
SEQEND
8
GRAVIROVANI
0
POLYLINE
8
GRAVIROVANI
10
0.0
20
0.0
30
0.0
66
1
70
1
0
VERTEX
8
GRAVIROVANI
10
39.0000
20
49.8750
30
0.0
0
VERTEX
8
GRAVIROVANI
10
179.8000
20
49.8750
30
0.0
0
VERTEX
8
GRAVIROVANI
10
179.8000
20
50.1250
30
0.0
0
VERTEX
8
GRAVIROVANI
10
39.0000
20
50.1250
30
0.0
0
SEQEND
8
GRAVIROVANI
0
POLYLINE
8
GRAVIROVANI
10
0.0
20
0.0
30
0.0
66
1
70
1
0
VERTEX
8
GRAVIROVANI
10
184.4000
20
49.8750
30
0.0
0
VERTEX
8
GRAVIROVANI
10
200.0000
20
49.8750
30
0.0
0
VERTEX
8
GRAVIROVANI
10
200.0000
20
50.1250
30
0.0
0
VERTEX
8
GRAVIROVANI
10
184.4000
20
50.1250
30
0.0
0
SEQEND
8
GRAVIROVANI
0
POLYLINE
8
GRAVIROVANI
10
0.0
20
0.0
30
0.0
66
1
70
1
0
VERTEX
8
GRAVIROVANI
10
180.4000
20
50.8750
30
0.0
0
VERTEX
8
GRAVIROVANI
10
181.6000
20
50.8750
30
0.0
0
VERTEX
8
GRAVIROVANI
10
181.6000
20
51.1250
30
0.0
0
VERTEX
8
GRAVIROVANI
10
180.4000
20
51.1250
30
0.0
0
SEQEND
8
GRAVIROVANI
0
POLYLINE
8
GRAVIROVANI
10
0.0
20
0.0
30
0.0
66
1
70
1
0
VERTEX
8
GRAVIROVANI
10
181.4750
20
51.0000
30
0.0
0
VERTEX
8
GRAVIROVANI
10
181.4750
20
50.0000
30
0.0
0
VERTEX
8
GRAVIROVANI
10
181.7250
20
50.0000
30
0.0
0
VERTEX
8
GRAVIROVANI
10
181.7250
20
51.0000
30
0.0
0
SEQEND
8
GRAVIROVANI
0
POLYLINE
8
GRAVIROVANI
10
0.0
20
0.0
30
0.0
66
1
70
1
0
VERTEX
8
GRAVIROVANI
10
180.4000
20
49.8750
30
0.0
0
VERTEX
8
GRAVIROVANI
10
181.6000
20
49.8750
30
0.0
0
VERTEX
8
GRAVIROVANI
10
181.6000
20
50.1250
30
0.0
0
VERTEX
8
GRAVIROVANI
10
180.4000
20
50.1250
30
0.0
0
SEQEND
8
GRAVIROVANI
0
POLYLINE
8
GRAVIROVANI
10
0.0
20
0.0
30
0.0
66
1
70
1
0
VERTEX
8
GRAVIROVANI
10
181.4750
20
50.0000
30
0.0
0
VERTEX
8
GRAVIROVANI
10
181.4750
20
49.0000
30
0.0
0
VERTEX
8
GRAVIROVANI
10
181.7250
20
49.0000
30
0.0
0
VERTEX
8
GRAVIROVANI
10
181.7250
20
50.0000
30
0.0
0
SEQEND
8
GRAVIROVANI
0
POLYLINE
8
GRAVIROVANI
10
0.0
20
0.0
30
0.0
66
1
70
1
0
VERTEX
8
GRAVIROVANI
10
180.4000
20
48.8750
30
0.0
0
VERTEX
8
GRAVIROVANI
10
181.6000
20
48.8750
30
0.0
0
VERTEX
8
GRAVIROVANI
10
181.6000
20
49.1250
30
0.0
0
VERTEX
8
GRAVIROVANI
10
180.4000
20
49.1250
30
0.0
0
SEQEND
8
GRAVIROVANI
0
POLYLINE
8
GRAVIROVANI
10
0.0
20
0.0
30
0.0
66
1
70
1
0
VERTEX
8
GRAVIROVANI
10
182.1000
20
50.8750
30
0.0
0
VERTEX
8
GRAVIROVANI
10
183.3000
20
50.8750
30
0.0
0
VERTEX
8
GRAVIROVANI
10
183.3000
20
51.1250
30
0.0
0
VERTEX
8
GRAVIROVANI
10
182.1000
20
51.1250
30
0.0
0
SEQEND
8
GRAVIROVANI
0
POLYLINE
8
GRAVIROVANI
10
0.0
20
0.0
30
0.0
66
1
70
1
0
VERTEX
8
GRAVIROVANI
10
181.9750
20
51.0000
30
0.0
0
VERTEX
8
GRAVIROVANI
10
181.9750
20
50.0000
30
0.0
0
VERTEX
8
GRAVIROVANI
10
182.2250
20
50.0000
30
0.0
0
VERTEX
8
GRAVIROVANI
10
182.2250
20
51.0000
30
0.0
0
SEQEND
8
GRAVIROVANI
0
POLYLINE
8
GRAVIROVANI
10
0.0
20
0.0
30
0.0
66
1
70
1
0
VERTEX
8
GRAVIROVANI
10
182.1000
20
49.8750
30
0.0
0
VERTEX
8
GRAVIROVANI
10
183.3000
20
49.8750
30
0.0
0
VERTEX
8
GRAVIROVANI
10
183.3000
20
50.1250
30
0.0
0
VERTEX
8
GRAVIROVANI
10
182.1000
20
50.1250
30
0.0
0
SEQEND
8
GRAVIROVANI
0
POLYLINE
8
GRAVIROVANI
10
0.0
20
0.0
30
0.0
66
1
70
1
0
VERTEX
8
GRAVIROVANI
10
183.1750
20
50.0000
30
0.0
0
VERTEX
8
GRAVIROVANI
10
183.1750
20
49.0000
30
0.0
0
VERTEX
8
GRAVIROVANI
10
183.4250
20
49.0000
30
0.0
0
VERTEX
8
GRAVIROVANI
10
183.4250
20
50.0000
30
0.0
0
SEQEND
8
GRAVIROVANI
0
POLYLINE
8
GRAVIROVANI
10
0.0
20
0.0
30
0.0
66
1
70
1
0
VERTEX
8
GRAVIROVANI
10
182.1000
20
48.8750
30
0.0
0
VERTEX
8
GRAVIROVANI
10
183.3000
20
48.8750
30
0.0
0
VERTEX
8
GRAVIROVANI
10
183.3000
20
49.1250
30
0.0
0
VERTEX
8
GRAVIROVANI
10
182.1000
20
49.1250
30
0.0
0
SEQEND
8
GRAVIROVANI
0
POLYLINE
8
GRAVIROVANI
10
0.0
20
0.0
30
0.0
66
1
70
1
0
VERTEX
8
GRAVIROVANI
10
39.0000
20
14.8750
30
0.0
0
VERTEX
8
GRAVIROVANI
10
179.8000
20
14.8750
30
0.0
0
VERTEX
8
GRAVIROVANI
10
179.8000
20
15.1250
30
0.0
0
VERTEX
8
GRAVIROVANI
10
39.0000
20
15.1250
30
0.0
0
SEQEND
8
GRAVIROVANI
0
POLYLINE
8
GRAVIROVANI
10
0.0
20
0.0
30
0.0
66
1
70
1
0
VERTEX
8
GRAVIROVANI
10
184.4000
20
14.8750
30
0.0
0
VERTEX
8
GRAVIROVANI
10
200.0000
20
14.8750
30
0.0
0
VERTEX
8
GRAVIROVANI
10
200.0000
20
15.1250
30
0.0
0
VERTEX
8
GRAVIROVANI
10
184.4000
20
15.1250
30
0.0
0
SEQEND
8
GRAVIROVANI
0
POLYLINE
8
GRAVIROVANI
10
0.0
20
0.0
30
0.0
66
1
70
1
0
VERTEX
8
GRAVIROVANI
10
180.4000
20
15.8750
30
0.0
0
VERTEX
8
GRAVIROVANI
10
181.6000
20
15.8750
30
0.0
0
VERTEX
8
GRAVIROVANI
10
181.6000
20
16.1250
30
0.0
0
VERTEX
8
GRAVIROVANI
10
180.4000
20
16.1250
30
0.0
0
SEQEND
8
GRAVIROVANI
0
POLYLINE
8
GRAVIROVANI
10
0.0
20
0.0
30
0.0
66
1
70
1
0
VERTEX
8
GRAVIROVANI
10
181.4750
20
16.0000
30
0.0
0
VERTEX
8
GRAVIROVANI
10
181.4750
20
15.0000
30
0.0
0
VERTEX
8
GRAVIROVANI
10
181.7250
20
15.0000
30
0.0
0
VERTEX
8
GRAVIROVANI
10
181.7250
20
16.0000
30
0.0
0
SEQEND
8
GRAVIROVANI
0
POLYLINE
8
GRAVIROVANI
10
0.0
20
0.0
30
0.0
66
1
70
1
0
VERTEX
8
GRAVIROVANI
10
180.4000
20
14.8750
30
0.0
0
VERTEX
8
GRAVIROVANI
10
181.6000
20
14.8750
30
0.0
0
VERTEX
8
GRAVIROVANI
10
181.6000
20
15.1250
30
0.0
0
VERTEX
8
GRAVIROVANI
10
180.4000
20
15.1250
30
0.0
0
SEQEND
8
GRAVIROVANI
0
POLYLINE
8
GRAVIROVANI
10
0.0
20
0.0
30
0.0
66
1
70
1
0
VERTEX
8
GRAVIROVANI
10
181.4750
20
15.0000
30
0.0
0
VERTEX
8
GRAVIROVANI
10
181.4750
20
14.0000
30
0.0
0
VERTEX
8
GRAVIROVANI
10
181.7250
20
14.0000
30
0.0
0
VERTEX
8
GRAVIROVANI
10
181.7250
20
15.0000
30
0.0
0
SEQEND
8
GRAVIROVANI
0
POLYLINE
8
GRAVIROVANI
10
0.0
20
0.0
30
0.0
66
1
70
1
0
VERTEX
8
GRAVIROVANI
10
180.4000
20
13.8750
30
0.0
0
VERTEX
8
GRAVIROVANI
10
181.6000
20
13.8750
30
0.0
0
VERTEX
8
GRAVIROVANI
10
181.6000
20
14.1250
30
0.0
0
VERTEX
8
GRAVIROVANI
10
180.4000
20
14.1250
30
0.0
0
SEQEND
8
GRAVIROVANI
0
POLYLINE
8
GRAVIROVANI
10
0.0
20
0.0
30
0.0
66
1
70
1
0
VERTEX
8
GRAVIROVANI
10
182.1000
20
15.8750
30
0.0
0
VERTEX
8
GRAVIROVANI
10
183.3000
20
15.8750
30
0.0
0
VERTEX
8
GRAVIROVANI
10
183.3000
20
16.1250
30
0.0
0
VERTEX
8
GRAVIROVANI
10
182.1000
20
16.1250
30
0.0
0
SEQEND
8
GRAVIROVANI
0
POLYLINE
8
GRAVIROVANI
10
0.0
20
0.0
30
0.0
66
1
70
1
0
VERTEX
8
GRAVIROVANI
10
181.9750
20
16.0000
30
0.0
0
VERTEX
8
GRAVIROVANI
10
181.9750
20
15.0000
30
0.0
0
VERTEX
8
GRAVIROVANI
10
182.2250
20
15.0000
30
0.0
0
VERTEX
8
GRAVIROVANI
10
182.2250
20
16.0000
30
0.0
0
SEQEND
8
GRAVIROVANI
0
POLYLINE
8
GRAVIROVANI
10
0.0
20
0.0
30
0.0
66
1
70
1
0
VERTEX
8
GRAVIROVANI
10
182.1000
20
14.8750
30
0.0
0
VERTEX
8
GRAVIROVANI
10
183.3000
20
14.8750
30
0.0
0
VERTEX
8
GRAVIROVANI
10
183.3000
20
15.1250
30
0.0
0
VERTEX
8
GRAVIROVANI
10
182.1000
20
15.1250
30
0.0
0
SEQEND
8
GRAVIROVANI
0
POLYLINE
8
GRAVIROVANI
10
0.0
20
0.0
30
0.0
66
1
70
1
0
VERTEX
8
GRAVIROVANI
10
183.1750
20
15.0000
30
0.0
0
VERTEX
8
GRAVIROVANI
10
183.1750
20
14.0000
30
0.0
0
VERTEX
8
GRAVIROVANI
10
183.4250
20
14.0000
30
0.0
0
VERTEX
8
GRAVIROVANI
10
183.4250
20
15.0000
30
0.0
0
SEQEND
8
GRAVIROVANI
0
POLYLINE
8
GRAVIROVANI
10
0.0
20
0.0
30
0.0
66
1
70
1
0
VERTEX
8
GRAVIROVANI
10
182.1000
20
13.8750
30
0.0
0
VERTEX
8
GRAVIROVANI
10
183.3000
20
13.8750
30
0.0
0
VERTEX
8
GRAVIROVANI
10
183.3000
20
14.1250
30
0.0
0
VERTEX
8
GRAVIROVANI
10
182.1000
20
14.1250
30
0.0
0
SEQEND
8
GRAVIROVANI
0
POLYLINE
8
GRAVIROVANI
10
0.0
20
0.0
30
0.0
66
1
70
1
0
VERTEX
8
GRAVIROVANI
10
39.0000
20
161.3750
30
0.0
0
VERTEX
8
GRAVIROVANI
10
120.2870
20
161.3750
30
0.0
0
VERTEX
8
GRAVIROVANI
10
120.2870
20
161.6250
30
0.0
0
VERTEX
8
GRAVIROVANI
10
39.0000
20
161.6250
30
0.0
0
SEQEND
8
GRAVIROVANI
0
POLYLINE
8
GRAVIROVANI
10
0.0
20
0.0
30
0.0
66
1
70
1
0
VERTEX
8
GRAVIROVANI
10
124.8870
20
161.3750
30
0.0
0
VERTEX
8
GRAVIROVANI
10
145.2870
20
161.3750
30
0.0
0
VERTEX
8
GRAVIROVANI
10
145.2870
20
161.6250
30
0.0
0
VERTEX
8
GRAVIROVANI
10
124.8870
20
161.6250
30
0.0
0
SEQEND
8
GRAVIROVANI
0
POLYLINE
8
GRAVIROVANI
10
0.0
20
0.0
30
0.0
66
1
70
1
0
VERTEX
8
GRAVIROVANI
10
120.8870
20
162.3750
30
0.0
0
VERTEX
8
GRAVIROVANI
10
122.0870
20
162.3750
30
0.0
0
VERTEX
8
GRAVIROVANI
10
122.0870
20
162.6250
30
0.0
0
VERTEX
8
GRAVIROVANI
10
120.8870
20
162.6250
30
0.0
0
SEQEND
8
GRAVIROVANI
0
POLYLINE
8
GRAVIROVANI
10
0.0
20
0.0
30
0.0
66
1
70
1
0
VERTEX
8
GRAVIROVANI
10
121.9620
20
162.5000
30
0.0
0
VERTEX
8
GRAVIROVANI
10
121.9620
20
161.5000
30
0.0
0
VERTEX
8
GRAVIROVANI
10
122.2120
20
161.5000
30
0.0
0
VERTEX
8
GRAVIROVANI
10
122.2120
20
162.5000
30
0.0
0
SEQEND
8
GRAVIROVANI
0
POLYLINE
8
GRAVIROVANI
10
0.0
20
0.0
30
0.0
66
1
70
1
0
VERTEX
8
GRAVIROVANI
10
120.8870
20
161.3750
30
0.0
0
VERTEX
8
GRAVIROVANI
10
122.0870
20
161.3750
30
0.0
0
VERTEX
8
GRAVIROVANI
10
122.0870
20
161.6250
30
0.0
0
VERTEX
8
GRAVIROVANI
10
120.8870
20
161.6250
30
0.0
0
SEQEND
8
GRAVIROVANI
0
POLYLINE
8
GRAVIROVANI
10
0.0
20
0.0
30
0.0
66
1
70
1
0
VERTEX
8
GRAVIROVANI
10
121.9620
20
161.5000
30
0.0
0
VERTEX
8
GRAVIROVANI
10
121.9620
20
160.5000
30
0.0
0
VERTEX
8
GRAVIROVANI
10
122.2120
20
160.5000
30
0.0
0
VERTEX
8
GRAVIROVANI
10
122.2120
20
161.5000
30
0.0
0
SEQEND
8
GRAVIROVANI
0
POLYLINE
8
GRAVIROVANI
10
0.0
20
0.0
30
0.0
66
1
70
1
0
VERTEX
8
GRAVIROVANI
10
120.8870
20
160.3750
30
0.0
0
VERTEX
8
GRAVIROVANI
10
122.0870
20
160.3750
30
0.0
0
VERTEX
8
GRAVIROVANI
10
122.0870
20
160.6250
30
0.0
0
VERTEX
8
GRAVIROVANI
10
120.8870
20
160.6250
30
0.0
0
SEQEND
8
GRAVIROVANI
0
POLYLINE
8
GRAVIROVANI
10
0.0
20
0.0
30
0.0
66
1
70
1
0
VERTEX
8
GRAVIROVANI
10
122.5870
20
162.3750
30
0.0
0
VERTEX
8
GRAVIROVANI
10
123.7870
20
162.3750
30
0.0
0
VERTEX
8
GRAVIROVANI
10
123.7870
20
162.6250
30
0.0
0
VERTEX
8
GRAVIROVANI
10
122.5870
20
162.6250
30
0.0
0
SEQEND
8
GRAVIROVANI
0
POLYLINE
8
GRAVIROVANI
10
0.0
20
0.0
30
0.0
66
1
70
1
0
VERTEX
8
GRAVIROVANI
10
122.4620
20
162.5000
30
0.0
0
VERTEX
8
GRAVIROVANI
10
122.4620
20
161.5000
30
0.0
0
VERTEX
8
GRAVIROVANI
10
122.7120
20
161.5000
30
0.0
0
VERTEX
8
GRAVIROVANI
10
122.7120
20
162.5000
30
0.0
0
SEQEND
8
GRAVIROVANI
0
POLYLINE
8
GRAVIROVANI
10
0.0
20
0.0
30
0.0
66
1
70
1
0
VERTEX
8
GRAVIROVANI
10
123.6620
20
162.5000
30
0.0
0
VERTEX
8
GRAVIROVANI
10
123.6620
20
161.5000
30
0.0
0
VERTEX
8
GRAVIROVANI
10
123.9120
20
161.5000
30
0.0
0
VERTEX
8
GRAVIROVANI
10
123.9120
20
162.5000
30
0.0
0
SEQEND
8
GRAVIROVANI
0
POLYLINE
8
GRAVIROVANI
10
0.0
20
0.0
30
0.0
66
1
70
1
0
VERTEX
8
GRAVIROVANI
10
122.4620
20
161.5000
30
0.0
0
VERTEX
8
GRAVIROVANI
10
122.4620
20
160.5000
30
0.0
0
VERTEX
8
GRAVIROVANI
10
122.7120
20
160.5000
30
0.0
0
VERTEX
8
GRAVIROVANI
10
122.7120
20
161.5000
30
0.0
0
SEQEND
8
GRAVIROVANI
0
POLYLINE
8
GRAVIROVANI
10
0.0
20
0.0
30
0.0
66
1
70
1
0
VERTEX
8
GRAVIROVANI
10
123.6620
20
161.5000
30
0.0
0
VERTEX
8
GRAVIROVANI
10
123.6620
20
160.5000
30
0.0
0
VERTEX
8
GRAVIROVANI
10
123.9120
20
160.5000
30
0.0
0
VERTEX
8
GRAVIROVANI
10
123.9120
20
161.5000
30
0.0
0
SEQEND
8
GRAVIROVANI
0
POLYLINE
8
GRAVIROVANI
10
0.0
20
0.0
30
0.0
66
1
70
1
0
VERTEX
8
GRAVIROVANI
10
122.5870
20
160.3750
30
0.0
0
VERTEX
8
GRAVIROVANI
10
123.7870
20
160.3750
30
0.0
0
VERTEX
8
GRAVIROVANI
10
123.7870
20
160.6250
30
0.0
0
VERTEX
8
GRAVIROVANI
10
122.5870
20
160.6250
30
0.0
0
SEQEND
8
GRAVIROVANI
0
POLYLINE
8
GRAVIROVANI
10
0.0
20
0.0
30
0.0
66
1
70
1
0
VERTEX
8
GRAVIROVANI
10
39.0000
20
131.3750
30
0.0
0
VERTEX
8
GRAVIROVANI
10
120.2870
20
131.3750
30
0.0
0
VERTEX
8
GRAVIROVANI
10
120.2870
20
131.6250
30
0.0
0
VERTEX
8
GRAVIROVANI
10
39.0000
20
131.6250
30
0.0
0
SEQEND
8
GRAVIROVANI
0
POLYLINE
8
GRAVIROVANI
10
0.0
20
0.0
30
0.0
66
1
70
1
0
VERTEX
8
GRAVIROVANI
10
124.8870
20
131.3750
30
0.0
0
VERTEX
8
GRAVIROVANI
10
145.2870
20
131.3750
30
0.0
0
VERTEX
8
GRAVIROVANI
10
145.2870
20
131.6250
30
0.0
0
VERTEX
8
GRAVIROVANI
10
124.8870
20
131.6250
30
0.0
0
SEQEND
8
GRAVIROVANI
0
POLYLINE
8
GRAVIROVANI
10
0.0
20
0.0
30
0.0
66
1
70
1
0
VERTEX
8
GRAVIROVANI
10
120.8870
20
132.3750
30
0.0
0
VERTEX
8
GRAVIROVANI
10
122.0870
20
132.3750
30
0.0
0
VERTEX
8
GRAVIROVANI
10
122.0870
20
132.6250
30
0.0
0
VERTEX
8
GRAVIROVANI
10
120.8870
20
132.6250
30
0.0
0
SEQEND
8
GRAVIROVANI
0
POLYLINE
8
GRAVIROVANI
10
0.0
20
0.0
30
0.0
66
1
70
1
0
VERTEX
8
GRAVIROVANI
10
121.9620
20
132.5000
30
0.0
0
VERTEX
8
GRAVIROVANI
10
121.9620
20
131.5000
30
0.0
0
VERTEX
8
GRAVIROVANI
10
122.2120
20
131.5000
30
0.0
0
VERTEX
8
GRAVIROVANI
10
122.2120
20
132.5000
30
0.0
0
SEQEND
8
GRAVIROVANI
0
POLYLINE
8
GRAVIROVANI
10
0.0
20
0.0
30
0.0
66
1
70
1
0
VERTEX
8
GRAVIROVANI
10
120.8870
20
131.3750
30
0.0
0
VERTEX
8
GRAVIROVANI
10
122.0870
20
131.3750
30
0.0
0
VERTEX
8
GRAVIROVANI
10
122.0870
20
131.6250
30
0.0
0
VERTEX
8
GRAVIROVANI
10
120.8870
20
131.6250
30
0.0
0
SEQEND
8
GRAVIROVANI
0
POLYLINE
8
GRAVIROVANI
10
0.0
20
0.0
30
0.0
66
1
70
1
0
VERTEX
8
GRAVIROVANI
10
121.9620
20
131.5000
30
0.0
0
VERTEX
8
GRAVIROVANI
10
121.9620
20
130.5000
30
0.0
0
VERTEX
8
GRAVIROVANI
10
122.2120
20
130.5000
30
0.0
0
VERTEX
8
GRAVIROVANI
10
122.2120
20
131.5000
30
0.0
0
SEQEND
8
GRAVIROVANI
0
POLYLINE
8
GRAVIROVANI
10
0.0
20
0.0
30
0.0
66
1
70
1
0
VERTEX
8
GRAVIROVANI
10
120.8870
20
130.3750
30
0.0
0
VERTEX
8
GRAVIROVANI
10
122.0870
20
130.3750
30
0.0
0
VERTEX
8
GRAVIROVANI
10
122.0870
20
130.6250
30
0.0
0
VERTEX
8
GRAVIROVANI
10
120.8870
20
130.6250
30
0.0
0
SEQEND
8
GRAVIROVANI
0
POLYLINE
8
GRAVIROVANI
10
0.0
20
0.0
30
0.0
66
1
70
1
0
VERTEX
8
GRAVIROVANI
10
122.5870
20
132.3750
30
0.0
0
VERTEX
8
GRAVIROVANI
10
123.7870
20
132.3750
30
0.0
0
VERTEX
8
GRAVIROVANI
10
123.7870
20
132.6250
30
0.0
0
VERTEX
8
GRAVIROVANI
10
122.5870
20
132.6250
30
0.0
0
SEQEND
8
GRAVIROVANI
0
POLYLINE
8
GRAVIROVANI
10
0.0
20
0.0
30
0.0
66
1
70
1
0
VERTEX
8
GRAVIROVANI
10
122.4620
20
132.5000
30
0.0
0
VERTEX
8
GRAVIROVANI
10
122.4620
20
131.5000
30
0.0
0
VERTEX
8
GRAVIROVANI
10
122.7120
20
131.5000
30
0.0
0
VERTEX
8
GRAVIROVANI
10
122.7120
20
132.5000
30
0.0
0
SEQEND
8
GRAVIROVANI
0
POLYLINE
8
GRAVIROVANI
10
0.0
20
0.0
30
0.0
66
1
70
1
0
VERTEX
8
GRAVIROVANI
10
123.6620
20
132.5000
30
0.0
0
VERTEX
8
GRAVIROVANI
10
123.6620
20
131.5000
30
0.0
0
VERTEX
8
GRAVIROVANI
10
123.9120
20
131.5000
30
0.0
0
VERTEX
8
GRAVIROVANI
10
123.9120
20
132.5000
30
0.0
0
SEQEND
8
GRAVIROVANI
0
POLYLINE
8
GRAVIROVANI
10
0.0
20
0.0
30
0.0
66
1
70
1
0
VERTEX
8
GRAVIROVANI
10
122.4620
20
131.5000
30
0.0
0
VERTEX
8
GRAVIROVANI
10
122.4620
20
130.5000
30
0.0
0
VERTEX
8
GRAVIROVANI
10
122.7120
20
130.5000
30
0.0
0
VERTEX
8
GRAVIROVANI
10
122.7120
20
131.5000
30
0.0
0
SEQEND
8
GRAVIROVANI
0
POLYLINE
8
GRAVIROVANI
10
0.0
20
0.0
30
0.0
66
1
70
1
0
VERTEX
8
GRAVIROVANI
10
123.6620
20
131.5000
30
0.0
0
VERTEX
8
GRAVIROVANI
10
123.6620
20
130.5000
30
0.0
0
VERTEX
8
GRAVIROVANI
10
123.9120
20
130.5000
30
0.0
0
VERTEX
8
GRAVIROVANI
10
123.9120
20
131.5000
30
0.0
0
SEQEND
8
GRAVIROVANI
0
POLYLINE
8
GRAVIROVANI
10
0.0
20
0.0
30
0.0
66
1
70
1
0
VERTEX
8
GRAVIROVANI
10
122.5870
20
130.3750
30
0.0
0
VERTEX
8
GRAVIROVANI
10
123.7870
20
130.3750
30
0.0
0
VERTEX
8
GRAVIROVANI
10
123.7870
20
130.6250
30
0.0
0
VERTEX
8
GRAVIROVANI
10
122.5870
20
130.6250
30
0.0
0
SEQEND
8
GRAVIROVANI
0
POLYLINE
8
GRAVIROVANI
10
0.0
20
0.0
30
0.0
66
1
70
1
0
VERTEX
8
GRAVIROVANI
10
39.0000
20
104.3750
30
0.0
0
VERTEX
8
GRAVIROVANI
10
156.8000
20
104.3750
30
0.0
0
VERTEX
8
GRAVIROVANI
10
156.8000
20
104.6250
30
0.0
0
VERTEX
8
GRAVIROVANI
10
39.0000
20
104.6250
30
0.0
0
SEQEND
8
GRAVIROVANI
0
POLYLINE
8
GRAVIROVANI
10
0.0
20
0.0
30
0.0
66
1
70
1
0
VERTEX
8
GRAVIROVANI
10
161.4000
20
104.3750
30
0.0
0
VERTEX
8
GRAVIROVANI
10
181.8000
20
104.3750
30
0.0
0
VERTEX
8
GRAVIROVANI
10
181.8000
20
104.6250
30
0.0
0
VERTEX
8
GRAVIROVANI
10
161.4000
20
104.6250
30
0.0
0
SEQEND
8
GRAVIROVANI
0
POLYLINE
8
GRAVIROVANI
10
0.0
20
0.0
30
0.0
66
1
70
1
0
VERTEX
8
GRAVIROVANI
10
157.4000
20
105.3750
30
0.0
0
VERTEX
8
GRAVIROVANI
10
158.6000
20
105.3750
30
0.0
0
VERTEX
8
GRAVIROVANI
10
158.6000
20
105.6250
30
0.0
0
VERTEX
8
GRAVIROVANI
10
157.4000
20
105.6250
30
0.0
0
SEQEND
8
GRAVIROVANI
0
POLYLINE
8
GRAVIROVANI
10
0.0
20
0.0
30
0.0
66
1
70
1
0
VERTEX
8
GRAVIROVANI
10
158.4750
20
105.5000
30
0.0
0
VERTEX
8
GRAVIROVANI
10
158.4750
20
104.5000
30
0.0
0
VERTEX
8
GRAVIROVANI
10
158.7250
20
104.5000
30
0.0
0
VERTEX
8
GRAVIROVANI
10
158.7250
20
105.5000
30
0.0
0
SEQEND
8
GRAVIROVANI
0
POLYLINE
8
GRAVIROVANI
10
0.0
20
0.0
30
0.0
66
1
70
1
0
VERTEX
8
GRAVIROVANI
10
157.4000
20
104.3750
30
0.0
0
VERTEX
8
GRAVIROVANI
10
158.6000
20
104.3750
30
0.0
0
VERTEX
8
GRAVIROVANI
10
158.6000
20
104.6250
30
0.0
0
VERTEX
8
GRAVIROVANI
10
157.4000
20
104.6250
30
0.0
0
SEQEND
8
GRAVIROVANI
0
POLYLINE
8
GRAVIROVANI
10
0.0
20
0.0
30
0.0
66
1
70
1
0
VERTEX
8
GRAVIROVANI
10
158.4750
20
104.5000
30
0.0
0
VERTEX
8
GRAVIROVANI
10
158.4750
20
103.5000
30
0.0
0
VERTEX
8
GRAVIROVANI
10
158.7250
20
103.5000
30
0.0
0
VERTEX
8
GRAVIROVANI
10
158.7250
20
104.5000
30
0.0
0
SEQEND
8
GRAVIROVANI
0
POLYLINE
8
GRAVIROVANI
10
0.0
20
0.0
30
0.0
66
1
70
1
0
VERTEX
8
GRAVIROVANI
10
157.4000
20
103.3750
30
0.0
0
VERTEX
8
GRAVIROVANI
10
158.6000
20
103.3750
30
0.0
0
VERTEX
8
GRAVIROVANI
10
158.6000
20
103.6250
30
0.0
0
VERTEX
8
GRAVIROVANI
10
157.4000
20
103.6250
30
0.0
0
SEQEND
8
GRAVIROVANI
0
POLYLINE
8
GRAVIROVANI
10
0.0
20
0.0
30
0.0
66
1
70
1
0
VERTEX
8
GRAVIROVANI
10
159.1000
20
105.3750
30
0.0
0
VERTEX
8
GRAVIROVANI
10
160.3000
20
105.3750
30
0.0
0
VERTEX
8
GRAVIROVANI
10
160.3000
20
105.6250
30
0.0
0
VERTEX
8
GRAVIROVANI
10
159.1000
20
105.6250
30
0.0
0
SEQEND
8
GRAVIROVANI
0
POLYLINE
8
GRAVIROVANI
10
0.0
20
0.0
30
0.0
66
1
70
1
0
VERTEX
8
GRAVIROVANI
10
158.9750
20
105.5000
30
0.0
0
VERTEX
8
GRAVIROVANI
10
158.9750
20
104.5000
30
0.0
0
VERTEX
8
GRAVIROVANI
10
159.2250
20
104.5000
30
0.0
0
VERTEX
8
GRAVIROVANI
10
159.2250
20
105.5000
30
0.0
0
SEQEND
8
GRAVIROVANI
0
POLYLINE
8
GRAVIROVANI
10
0.0
20
0.0
30
0.0
66
1
70
1
0
VERTEX
8
GRAVIROVANI
10
160.1750
20
105.5000
30
0.0
0
VERTEX
8
GRAVIROVANI
10
160.1750
20
104.5000
30
0.0
0
VERTEX
8
GRAVIROVANI
10
160.4250
20
104.5000
30
0.0
0
VERTEX
8
GRAVIROVANI
10
160.4250
20
105.5000
30
0.0
0
SEQEND
8
GRAVIROVANI
0
POLYLINE
8
GRAVIROVANI
10
0.0
20
0.0
30
0.0
66
1
70
1
0
VERTEX
8
GRAVIROVANI
10
158.9750
20
104.5000
30
0.0
0
VERTEX
8
GRAVIROVANI
10
158.9750
20
103.5000
30
0.0
0
VERTEX
8
GRAVIROVANI
10
159.2250
20
103.5000
30
0.0
0
VERTEX
8
GRAVIROVANI
10
159.2250
20
104.5000
30
0.0
0
SEQEND
8
GRAVIROVANI
0
POLYLINE
8
GRAVIROVANI
10
0.0
20
0.0
30
0.0
66
1
70
1
0
VERTEX
8
GRAVIROVANI
10
160.1750
20
104.5000
30
0.0
0
VERTEX
8
GRAVIROVANI
10
160.1750
20
103.5000
30
0.0
0
VERTEX
8
GRAVIROVANI
10
160.4250
20
103.5000
30
0.0
0
VERTEX
8
GRAVIROVANI
10
160.4250
20
104.5000
30
0.0
0
SEQEND
8
GRAVIROVANI
0
POLYLINE
8
GRAVIROVANI
10
0.0
20
0.0
30
0.0
66
1
70
1
0
VERTEX
8
GRAVIROVANI
10
159.1000
20
103.3750
30
0.0
0
VERTEX
8
GRAVIROVANI
10
160.3000
20
103.3750
30
0.0
0
VERTEX
8
GRAVIROVANI
10
160.3000
20
103.6250
30
0.0
0
VERTEX
8
GRAVIROVANI
10
159.1000
20
103.6250
30
0.0
0
SEQEND
8
GRAVIROVANI
0
POLYLINE
8
GRAVIROVANI
10
0.0
20
0.0
30
0.0
66
1
70
1
0
VERTEX
8
GRAVIROVANI
10
39.0000
20
74.3750
30
0.0
0
VERTEX
8
GRAVIROVANI
10
156.8000
20
74.3750
30
0.0
0
VERTEX
8
GRAVIROVANI
10
156.8000
20
74.6250
30
0.0
0
VERTEX
8
GRAVIROVANI
10
39.0000
20
74.6250
30
0.0
0
SEQEND
8
GRAVIROVANI
0
POLYLINE
8
GRAVIROVANI
10
0.0
20
0.0
30
0.0
66
1
70
1
0
VERTEX
8
GRAVIROVANI
10
161.4000
20
74.3750
30
0.0
0
VERTEX
8
GRAVIROVANI
10
181.8000
20
74.3750
30
0.0
0
VERTEX
8
GRAVIROVANI
10
181.8000
20
74.6250
30
0.0
0
VERTEX
8
GRAVIROVANI
10
161.4000
20
74.6250
30
0.0
0
SEQEND
8
GRAVIROVANI
0
POLYLINE
8
GRAVIROVANI
10
0.0
20
0.0
30
0.0
66
1
70
1
0
VERTEX
8
GRAVIROVANI
10
157.4000
20
75.3750
30
0.0
0
VERTEX
8
GRAVIROVANI
10
158.6000
20
75.3750
30
0.0
0
VERTEX
8
GRAVIROVANI
10
158.6000
20
75.6250
30
0.0
0
VERTEX
8
GRAVIROVANI
10
157.4000
20
75.6250
30
0.0
0
SEQEND
8
GRAVIROVANI
0
POLYLINE
8
GRAVIROVANI
10
0.0
20
0.0
30
0.0
66
1
70
1
0
VERTEX
8
GRAVIROVANI
10
158.4750
20
75.5000
30
0.0
0
VERTEX
8
GRAVIROVANI
10
158.4750
20
74.5000
30
0.0
0
VERTEX
8
GRAVIROVANI
10
158.7250
20
74.5000
30
0.0
0
VERTEX
8
GRAVIROVANI
10
158.7250
20
75.5000
30
0.0
0
SEQEND
8
GRAVIROVANI
0
POLYLINE
8
GRAVIROVANI
10
0.0
20
0.0
30
0.0
66
1
70
1
0
VERTEX
8
GRAVIROVANI
10
157.4000
20
74.3750
30
0.0
0
VERTEX
8
GRAVIROVANI
10
158.6000
20
74.3750
30
0.0
0
VERTEX
8
GRAVIROVANI
10
158.6000
20
74.6250
30
0.0
0
VERTEX
8
GRAVIROVANI
10
157.4000
20
74.6250
30
0.0
0
SEQEND
8
GRAVIROVANI
0
POLYLINE
8
GRAVIROVANI
10
0.0
20
0.0
30
0.0
66
1
70
1
0
VERTEX
8
GRAVIROVANI
10
158.4750
20
74.5000
30
0.0
0
VERTEX
8
GRAVIROVANI
10
158.4750
20
73.5000
30
0.0
0
VERTEX
8
GRAVIROVANI
10
158.7250
20
73.5000
30
0.0
0
VERTEX
8
GRAVIROVANI
10
158.7250
20
74.5000
30
0.0
0
SEQEND
8
GRAVIROVANI
0
POLYLINE
8
GRAVIROVANI
10
0.0
20
0.0
30
0.0
66
1
70
1
0
VERTEX
8
GRAVIROVANI
10
157.4000
20
73.3750
30
0.0
0
VERTEX
8
GRAVIROVANI
10
158.6000
20
73.3750
30
0.0
0
VERTEX
8
GRAVIROVANI
10
158.6000
20
73.6250
30
0.0
0
VERTEX
8
GRAVIROVANI
10
157.4000
20
73.6250
30
0.0
0
SEQEND
8
GRAVIROVANI
0
POLYLINE
8
GRAVIROVANI
10
0.0
20
0.0
30
0.0
66
1
70
1
0
VERTEX
8
GRAVIROVANI
10
159.1000
20
75.3750
30
0.0
0
VERTEX
8
GRAVIROVANI
10
160.3000
20
75.3750
30
0.0
0
VERTEX
8
GRAVIROVANI
10
160.3000
20
75.6250
30
0.0
0
VERTEX
8
GRAVIROVANI
10
159.1000
20
75.6250
30
0.0
0
SEQEND
8
GRAVIROVANI
0
POLYLINE
8
GRAVIROVANI
10
0.0
20
0.0
30
0.0
66
1
70
1
0
VERTEX
8
GRAVIROVANI
10
158.9750
20
75.5000
30
0.0
0
VERTEX
8
GRAVIROVANI
10
158.9750
20
74.5000
30
0.0
0
VERTEX
8
GRAVIROVANI
10
159.2250
20
74.5000
30
0.0
0
VERTEX
8
GRAVIROVANI
10
159.2250
20
75.5000
30
0.0
0
SEQEND
8
GRAVIROVANI
0
POLYLINE
8
GRAVIROVANI
10
0.0
20
0.0
30
0.0
66
1
70
1
0
VERTEX
8
GRAVIROVANI
10
160.1750
20
75.5000
30
0.0
0
VERTEX
8
GRAVIROVANI
10
160.1750
20
74.5000
30
0.0
0
VERTEX
8
GRAVIROVANI
10
160.4250
20
74.5000
30
0.0
0
VERTEX
8
GRAVIROVANI
10
160.4250
20
75.5000
30
0.0
0
SEQEND
8
GRAVIROVANI
0
POLYLINE
8
GRAVIROVANI
10
0.0
20
0.0
30
0.0
66
1
70
1
0
VERTEX
8
GRAVIROVANI
10
158.9750
20
74.5000
30
0.0
0
VERTEX
8
GRAVIROVANI
10
158.9750
20
73.5000
30
0.0
0
VERTEX
8
GRAVIROVANI
10
159.2250
20
73.5000
30
0.0
0
VERTEX
8
GRAVIROVANI
10
159.2250
20
74.5000
30
0.0
0
SEQEND
8
GRAVIROVANI
0
POLYLINE
8
GRAVIROVANI
10
0.0
20
0.0
30
0.0
66
1
70
1
0
VERTEX
8
GRAVIROVANI
10
160.1750
20
74.5000
30
0.0
0
VERTEX
8
GRAVIROVANI
10
160.1750
20
73.5000
30
0.0
0
VERTEX
8
GRAVIROVANI
10
160.4250
20
73.5000
30
0.0
0
VERTEX
8
GRAVIROVANI
10
160.4250
20
74.5000
30
0.0
0
SEQEND
8
GRAVIROVANI
0
POLYLINE
8
GRAVIROVANI
10
0.0
20
0.0
30
0.0
66
1
70
1
0
VERTEX
8
GRAVIROVANI
10
159.1000
20
73.3750
30
0.0
0
VERTEX
8
GRAVIROVANI
10
160.3000
20
73.3750
30
0.0
0
VERTEX
8
GRAVIROVANI
10
160.3000
20
73.6250
30
0.0
0
VERTEX
8
GRAVIROVANI
10
159.1000
20
73.6250
30
0.0
0
SEQEND
8
GRAVIROVANI
0
POLYLINE
8
GRAVIROVANI
10
0.0
20
0.0
30
0.0
66
1
70
1
0
VERTEX
8
GRAVIROVANI
10
39.0000
20
47.3750
30
0.0
0
VERTEX
8
GRAVIROVANI
10
175.0000
20
47.3750
30
0.0
0
VERTEX
8
GRAVIROVANI
10
175.0000
20
47.6250
30
0.0
0
VERTEX
8
GRAVIROVANI
10
39.0000
20
47.6250
30
0.0
0
SEQEND
8
GRAVIROVANI
0
POLYLINE
8
GRAVIROVANI
10
0.0
20
0.0
30
0.0
66
1
70
1
0
VERTEX
8
GRAVIROVANI
10
179.6000
20
47.3750
30
0.0
0
VERTEX
8
GRAVIROVANI
10
200.0000
20
47.3750
30
0.0
0
VERTEX
8
GRAVIROVANI
10
200.0000
20
47.6250
30
0.0
0
VERTEX
8
GRAVIROVANI
10
179.6000
20
47.6250
30
0.0
0
SEQEND
8
GRAVIROVANI
0
POLYLINE
8
GRAVIROVANI
10
0.0
20
0.0
30
0.0
66
1
70
1
0
VERTEX
8
GRAVIROVANI
10
175.6000
20
48.3750
30
0.0
0
VERTEX
8
GRAVIROVANI
10
176.8000
20
48.3750
30
0.0
0
VERTEX
8
GRAVIROVANI
10
176.8000
20
48.6250
30
0.0
0
VERTEX
8
GRAVIROVANI
10
175.6000
20
48.6250
30
0.0
0
SEQEND
8
GRAVIROVANI
0
POLYLINE
8
GRAVIROVANI
10
0.0
20
0.0
30
0.0
66
1
70
1
0
VERTEX
8
GRAVIROVANI
10
176.6750
20
48.5000
30
0.0
0
VERTEX
8
GRAVIROVANI
10
176.6750
20
47.5000
30
0.0
0
VERTEX
8
GRAVIROVANI
10
176.9250
20
47.5000
30
0.0
0
VERTEX
8
GRAVIROVANI
10
176.9250
20
48.5000
30
0.0
0
SEQEND
8
GRAVIROVANI
0
POLYLINE
8
GRAVIROVANI
10
0.0
20
0.0
30
0.0
66
1
70
1
0
VERTEX
8
GRAVIROVANI
10
175.6000
20
47.3750
30
0.0
0
VERTEX
8
GRAVIROVANI
10
176.8000
20
47.3750
30
0.0
0
VERTEX
8
GRAVIROVANI
10
176.8000
20
47.6250
30
0.0
0
VERTEX
8
GRAVIROVANI
10
175.6000
20
47.6250
30
0.0
0
SEQEND
8
GRAVIROVANI
0
POLYLINE
8
GRAVIROVANI
10
0.0
20
0.0
30
0.0
66
1
70
1
0
VERTEX
8
GRAVIROVANI
10
176.6750
20
47.5000
30
0.0
0
VERTEX
8
GRAVIROVANI
10
176.6750
20
46.5000
30
0.0
0
VERTEX
8
GRAVIROVANI
10
176.9250
20
46.5000
30
0.0
0
VERTEX
8
GRAVIROVANI
10
176.9250
20
47.5000
30
0.0
0
SEQEND
8
GRAVIROVANI
0
POLYLINE
8
GRAVIROVANI
10
0.0
20
0.0
30
0.0
66
1
70
1
0
VERTEX
8
GRAVIROVANI
10
175.6000
20
46.3750
30
0.0
0
VERTEX
8
GRAVIROVANI
10
176.8000
20
46.3750
30
0.0
0
VERTEX
8
GRAVIROVANI
10
176.8000
20
46.6250
30
0.0
0
VERTEX
8
GRAVIROVANI
10
175.6000
20
46.6250
30
0.0
0
SEQEND
8
GRAVIROVANI
0
POLYLINE
8
GRAVIROVANI
10
0.0
20
0.0
30
0.0
66
1
70
1
0
VERTEX
8
GRAVIROVANI
10
177.3000
20
48.3750
30
0.0
0
VERTEX
8
GRAVIROVANI
10
178.5000
20
48.3750
30
0.0
0
VERTEX
8
GRAVIROVANI
10
178.5000
20
48.6250
30
0.0
0
VERTEX
8
GRAVIROVANI
10
177.3000
20
48.6250
30
0.0
0
SEQEND
8
GRAVIROVANI
0
POLYLINE
8
GRAVIROVANI
10
0.0
20
0.0
30
0.0
66
1
70
1
0
VERTEX
8
GRAVIROVANI
10
177.1750
20
48.5000
30
0.0
0
VERTEX
8
GRAVIROVANI
10
177.1750
20
47.5000
30
0.0
0
VERTEX
8
GRAVIROVANI
10
177.4250
20
47.5000
30
0.0
0
VERTEX
8
GRAVIROVANI
10
177.4250
20
48.5000
30
0.0
0
SEQEND
8
GRAVIROVANI
0
POLYLINE
8
GRAVIROVANI
10
0.0
20
0.0
30
0.0
66
1
70
1
0
VERTEX
8
GRAVIROVANI
10
178.3750
20
48.5000
30
0.0
0
VERTEX
8
GRAVIROVANI
10
178.3750
20
47.5000
30
0.0
0
VERTEX
8
GRAVIROVANI
10
178.6250
20
47.5000
30
0.0
0
VERTEX
8
GRAVIROVANI
10
178.6250
20
48.5000
30
0.0
0
SEQEND
8
GRAVIROVANI
0
POLYLINE
8
GRAVIROVANI
10
0.0
20
0.0
30
0.0
66
1
70
1
0
VERTEX
8
GRAVIROVANI
10
177.1750
20
47.5000
30
0.0
0
VERTEX
8
GRAVIROVANI
10
177.1750
20
46.5000
30
0.0
0
VERTEX
8
GRAVIROVANI
10
177.4250
20
46.5000
30
0.0
0
VERTEX
8
GRAVIROVANI
10
177.4250
20
47.5000
30
0.0
0
SEQEND
8
GRAVIROVANI
0
POLYLINE
8
GRAVIROVANI
10
0.0
20
0.0
30
0.0
66
1
70
1
0
VERTEX
8
GRAVIROVANI
10
178.3750
20
47.5000
30
0.0
0
VERTEX
8
GRAVIROVANI
10
178.3750
20
46.5000
30
0.0
0
VERTEX
8
GRAVIROVANI
10
178.6250
20
46.5000
30
0.0
0
VERTEX
8
GRAVIROVANI
10
178.6250
20
47.5000
30
0.0
0
SEQEND
8
GRAVIROVANI
0
POLYLINE
8
GRAVIROVANI
10
0.0
20
0.0
30
0.0
66
1
70
1
0
VERTEX
8
GRAVIROVANI
10
177.3000
20
46.3750
30
0.0
0
VERTEX
8
GRAVIROVANI
10
178.5000
20
46.3750
30
0.0
0
VERTEX
8
GRAVIROVANI
10
178.5000
20
46.6250
30
0.0
0
VERTEX
8
GRAVIROVANI
10
177.3000
20
46.6250
30
0.0
0
SEQEND
8
GRAVIROVANI
0
POLYLINE
8
GRAVIROVANI
10
0.0
20
0.0
30
0.0
66
1
70
1
0
VERTEX
8
GRAVIROVANI
10
39.0000
20
17.3750
30
0.0
0
VERTEX
8
GRAVIROVANI
10
175.0000
20
17.3750
30
0.0
0
VERTEX
8
GRAVIROVANI
10
175.0000
20
17.6250
30
0.0
0
VERTEX
8
GRAVIROVANI
10
39.0000
20
17.6250
30
0.0
0
SEQEND
8
GRAVIROVANI
0
POLYLINE
8
GRAVIROVANI
10
0.0
20
0.0
30
0.0
66
1
70
1
0
VERTEX
8
GRAVIROVANI
10
179.6000
20
17.3750
30
0.0
0
VERTEX
8
GRAVIROVANI
10
200.0000
20
17.3750
30
0.0
0
VERTEX
8
GRAVIROVANI
10
200.0000
20
17.6250
30
0.0
0
VERTEX
8
GRAVIROVANI
10
179.6000
20
17.6250
30
0.0
0
SEQEND
8
GRAVIROVANI
0
POLYLINE
8
GRAVIROVANI
10
0.0
20
0.0
30
0.0
66
1
70
1
0
VERTEX
8
GRAVIROVANI
10
175.6000
20
18.3750
30
0.0
0
VERTEX
8
GRAVIROVANI
10
176.8000
20
18.3750
30
0.0
0
VERTEX
8
GRAVIROVANI
10
176.8000
20
18.6250
30
0.0
0
VERTEX
8
GRAVIROVANI
10
175.6000
20
18.6250
30
0.0
0
SEQEND
8
GRAVIROVANI
0
POLYLINE
8
GRAVIROVANI
10
0.0
20
0.0
30
0.0
66
1
70
1
0
VERTEX
8
GRAVIROVANI
10
176.6750
20
18.5000
30
0.0
0
VERTEX
8
GRAVIROVANI
10
176.6750
20
17.5000
30
0.0
0
VERTEX
8
GRAVIROVANI
10
176.9250
20
17.5000
30
0.0
0
VERTEX
8
GRAVIROVANI
10
176.9250
20
18.5000
30
0.0
0
SEQEND
8
GRAVIROVANI
0
POLYLINE
8
GRAVIROVANI
10
0.0
20
0.0
30
0.0
66
1
70
1
0
VERTEX
8
GRAVIROVANI
10
175.6000
20
17.3750
30
0.0
0
VERTEX
8
GRAVIROVANI
10
176.8000
20
17.3750
30
0.0
0
VERTEX
8
GRAVIROVANI
10
176.8000
20
17.6250
30
0.0
0
VERTEX
8
GRAVIROVANI
10
175.6000
20
17.6250
30
0.0
0
SEQEND
8
GRAVIROVANI
0
POLYLINE
8
GRAVIROVANI
10
0.0
20
0.0
30
0.0
66
1
70
1
0
VERTEX
8
GRAVIROVANI
10
176.6750
20
17.5000
30
0.0
0
VERTEX
8
GRAVIROVANI
10
176.6750
20
16.5000
30
0.0
0
VERTEX
8
GRAVIROVANI
10
176.9250
20
16.5000
30
0.0
0
VERTEX
8
GRAVIROVANI
10
176.9250
20
17.5000
30
0.0
0
SEQEND
8
GRAVIROVANI
0
POLYLINE
8
GRAVIROVANI
10
0.0
20
0.0
30
0.0
66
1
70
1
0
VERTEX
8
GRAVIROVANI
10
175.6000
20
16.3750
30
0.0
0
VERTEX
8
GRAVIROVANI
10
176.8000
20
16.3750
30
0.0
0
VERTEX
8
GRAVIROVANI
10
176.8000
20
16.6250
30
0.0
0
VERTEX
8
GRAVIROVANI
10
175.6000
20
16.6250
30
0.0
0
SEQEND
8
GRAVIROVANI
0
POLYLINE
8
GRAVIROVANI
10
0.0
20
0.0
30
0.0
66
1
70
1
0
VERTEX
8
GRAVIROVANI
10
177.3000
20
18.3750
30
0.0
0
VERTEX
8
GRAVIROVANI
10
178.5000
20
18.3750
30
0.0
0
VERTEX
8
GRAVIROVANI
10
178.5000
20
18.6250
30
0.0
0
VERTEX
8
GRAVIROVANI
10
177.3000
20
18.6250
30
0.0
0
SEQEND
8
GRAVIROVANI
0
POLYLINE
8
GRAVIROVANI
10
0.0
20
0.0
30
0.0
66
1
70
1
0
VERTEX
8
GRAVIROVANI
10
177.1750
20
18.5000
30
0.0
0
VERTEX
8
GRAVIROVANI
10
177.1750
20
17.5000
30
0.0
0
VERTEX
8
GRAVIROVANI
10
177.4250
20
17.5000
30
0.0
0
VERTEX
8
GRAVIROVANI
10
177.4250
20
18.5000
30
0.0
0
SEQEND
8
GRAVIROVANI
0
POLYLINE
8
GRAVIROVANI
10
0.0
20
0.0
30
0.0
66
1
70
1
0
VERTEX
8
GRAVIROVANI
10
178.3750
20
18.5000
30
0.0
0
VERTEX
8
GRAVIROVANI
10
178.3750
20
17.5000
30
0.0
0
VERTEX
8
GRAVIROVANI
10
178.6250
20
17.5000
30
0.0
0
VERTEX
8
GRAVIROVANI
10
178.6250
20
18.5000
30
0.0
0
SEQEND
8
GRAVIROVANI
0
POLYLINE
8
GRAVIROVANI
10
0.0
20
0.0
30
0.0
66
1
70
1
0
VERTEX
8
GRAVIROVANI
10
177.1750
20
17.5000
30
0.0
0
VERTEX
8
GRAVIROVANI
10
177.1750
20
16.5000
30
0.0
0
VERTEX
8
GRAVIROVANI
10
177.4250
20
16.5000
30
0.0
0
VERTEX
8
GRAVIROVANI
10
177.4250
20
17.5000
30
0.0
0
SEQEND
8
GRAVIROVANI
0
POLYLINE
8
GRAVIROVANI
10
0.0
20
0.0
30
0.0
66
1
70
1
0
VERTEX
8
GRAVIROVANI
10
178.3750
20
17.5000
30
0.0
0
VERTEX
8
GRAVIROVANI
10
178.3750
20
16.5000
30
0.0
0
VERTEX
8
GRAVIROVANI
10
178.6250
20
16.5000
30
0.0
0
VERTEX
8
GRAVIROVANI
10
178.6250
20
17.5000
30
0.0
0
SEQEND
8
GRAVIROVANI
0
POLYLINE
8
GRAVIROVANI
10
0.0
20
0.0
30
0.0
66
1
70
1
0
VERTEX
8
GRAVIROVANI
10
177.3000
20
16.3750
30
0.0
0
VERTEX
8
GRAVIROVANI
10
178.5000
20
16.3750
30
0.0
0
VERTEX
8
GRAVIROVANI
10
178.5000
20
16.6250
30
0.0
0
VERTEX
8
GRAVIROVANI
10
177.3000
20
16.6250
30
0.0
0
SEQEND
8
GRAVIROVANI
0
POLYLINE
8
GRAVIROVANI
10
0.0
20
0.0
30
0.0
66
1
70
1
0
VERTEX
8
GRAVIROVANI
10
57.0000
20
158.3750
30
0.0
0
VERTEX
8
GRAVIROVANI
10
63.0000
20
158.3750
30
0.0
0
VERTEX
8
GRAVIROVANI
10
63.0000
20
158.6250
30
0.0
0
VERTEX
8
GRAVIROVANI
10
57.0000
20
158.6250
30
0.0
0
SEQEND
8
GRAVIROVANI
0
POLYLINE
8
GRAVIROVANI
10
0.0
20
0.0
30
0.0
66
1
70
1
0
VERTEX
8
GRAVIROVANI
10
59.8750
20
160.5000
30
0.0
0
VERTEX
8
GRAVIROVANI
10
59.8750
20
156.5000
30
0.0
0
VERTEX
8
GRAVIROVANI
10
60.1250
20
156.5000
30
0.0
0
VERTEX
8
GRAVIROVANI
10
60.1250
20
160.5000
30
0.0
0
SEQEND
8
GRAVIROVANI
0
POLYLINE
8
GRAVIROVANI
10
0.0
20
0.0
30
0.0
66
1
70
1
0
VERTEX
8
GRAVIROVANI
10
57.0000
20
134.3750
30
0.0
0
VERTEX
8
GRAVIROVANI
10
63.0000
20
134.3750
30
0.0
0
VERTEX
8
GRAVIROVANI
10
63.0000
20
134.6250
30
0.0
0
VERTEX
8
GRAVIROVANI
10
57.0000
20
134.6250
30
0.0
0
SEQEND
8
GRAVIROVANI
0
POLYLINE
8
GRAVIROVANI
10
0.0
20
0.0
30
0.0
66
1
70
1
0
VERTEX
8
GRAVIROVANI
10
59.8750
20
136.5000
30
0.0
0
VERTEX
8
GRAVIROVANI
10
59.8750
20
132.5000
30
0.0
0
VERTEX
8
GRAVIROVANI
10
60.1250
20
132.5000
30
0.0
0
VERTEX
8
GRAVIROVANI
10
60.1250
20
136.5000
30
0.0
0
SEQEND
8
GRAVIROVANI
0
POLYLINE
8
GRAVIROVANI
10
0.0
20
0.0
30
0.0
66
1
70
1
0
VERTEX
8
GRAVIROVANI
10
57.0000
20
101.3750
30
0.0
0
VERTEX
8
GRAVIROVANI
10
63.0000
20
101.3750
30
0.0
0
VERTEX
8
GRAVIROVANI
10
63.0000
20
101.6250
30
0.0
0
VERTEX
8
GRAVIROVANI
10
57.0000
20
101.6250
30
0.0
0
SEQEND
8
GRAVIROVANI
0
POLYLINE
8
GRAVIROVANI
10
0.0
20
0.0
30
0.0
66
1
70
1
0
VERTEX
8
GRAVIROVANI
10
59.8750
20
103.5000
30
0.0
0
VERTEX
8
GRAVIROVANI
10
59.8750
20
99.5000
30
0.0
0
VERTEX
8
GRAVIROVANI
10
60.1250
20
99.5000
30
0.0
0
VERTEX
8
GRAVIROVANI
10
60.1250
20
103.5000
30
0.0
0
SEQEND
8
GRAVIROVANI
0
POLYLINE
8
GRAVIROVANI
10
0.0
20
0.0
30
0.0
66
1
70
1
0
VERTEX
8
GRAVIROVANI
10
57.0000
20
77.3750
30
0.0
0
VERTEX
8
GRAVIROVANI
10
63.0000
20
77.3750
30
0.0
0
VERTEX
8
GRAVIROVANI
10
63.0000
20
77.6250
30
0.0
0
VERTEX
8
GRAVIROVANI
10
57.0000
20
77.6250
30
0.0
0
SEQEND
8
GRAVIROVANI
0
POLYLINE
8
GRAVIROVANI
10
0.0
20
0.0
30
0.0
66
1
70
1
0
VERTEX
8
GRAVIROVANI
10
59.8750
20
79.5000
30
0.0
0
VERTEX
8
GRAVIROVANI
10
59.8750
20
75.5000
30
0.0
0
VERTEX
8
GRAVIROVANI
10
60.1250
20
75.5000
30
0.0
0
VERTEX
8
GRAVIROVANI
10
60.1250
20
79.5000
30
0.0
0
SEQEND
8
GRAVIROVANI
0
POLYLINE
8
GRAVIROVANI
10
0.0
20
0.0
30
0.0
66
1
70
1
0
VERTEX
8
GRAVIROVANI
10
5.6750
20
148.0000
30
0.0
0
VERTEX
8
GRAVIROVANI
10
5.6750
20
146.5000
30
0.0
0
VERTEX
8
GRAVIROVANI
10
5.9250
20
146.5000
30
0.0
0
VERTEX
8
GRAVIROVANI
10
5.9250
20
148.0000
30
0.0
0
SEQEND
8
GRAVIROVANI
0
POLYLINE
8
GRAVIROVANI
10
0.0
20
0.0
30
0.0
66
1
70
1
0
VERTEX
8
GRAVIROVANI
10
5.6750
20
146.5000
30
0.0
0
VERTEX
8
GRAVIROVANI
10
5.6750
20
145.0000
30
0.0
0
VERTEX
8
GRAVIROVANI
10
5.9250
20
145.0000
30
0.0
0
VERTEX
8
GRAVIROVANI
10
5.9250
20
146.5000
30
0.0
0
SEQEND
8
GRAVIROVANI
0
POLYLINE
8
GRAVIROVANI
10
0.0
20
0.0
30
0.0
66
1
70
1
0
VERTEX
8
GRAVIROVANI
10
4.0000
20
90.8750
30
0.0
0
VERTEX
8
GRAVIROVANI
10
5.8000
20
90.8750
30
0.0
0
VERTEX
8
GRAVIROVANI
10
5.8000
20
91.1250
30
0.0
0
VERTEX
8
GRAVIROVANI
10
4.0000
20
91.1250
30
0.0
0
SEQEND
8
GRAVIROVANI
0
POLYLINE
8
GRAVIROVANI
10
0.0
20
0.0
30
0.0
66
1
70
1
0
VERTEX
8
GRAVIROVANI
10
5.6750
20
91.0000
30
0.0
0
VERTEX
8
GRAVIROVANI
10
5.6750
20
89.5000
30
0.0
0
VERTEX
8
GRAVIROVANI
10
5.9250
20
89.5000
30
0.0
0
VERTEX
8
GRAVIROVANI
10
5.9250
20
91.0000
30
0.0
0
SEQEND
8
GRAVIROVANI
0
POLYLINE
8
GRAVIROVANI
10
0.0
20
0.0
30
0.0
66
1
70
1
0
VERTEX
8
GRAVIROVANI
10
4.0000
20
89.3750
30
0.0
0
VERTEX
8
GRAVIROVANI
10
5.8000
20
89.3750
30
0.0
0
VERTEX
8
GRAVIROVANI
10
5.8000
20
89.6250
30
0.0
0
VERTEX
8
GRAVIROVANI
10
4.0000
20
89.6250
30
0.0
0
SEQEND
8
GRAVIROVANI
0
POLYLINE
8
GRAVIROVANI
10
0.0
20
0.0
30
0.0
66
1
70
1
0
VERTEX
8
GRAVIROVANI
10
3.8750
20
89.5000
30
0.0
0
VERTEX
8
GRAVIROVANI
10
3.8750
20
88.0000
30
0.0
0
VERTEX
8
GRAVIROVANI
10
4.1250
20
88.0000
30
0.0
0
VERTEX
8
GRAVIROVANI
10
4.1250
20
89.5000
30
0.0
0
SEQEND
8
GRAVIROVANI
0
POLYLINE
8
GRAVIROVANI
10
0.0
20
0.0
30
0.0
66
1
70
1
0
VERTEX
8
GRAVIROVANI
10
4.0000
20
87.8750
30
0.0
0
VERTEX
8
GRAVIROVANI
10
5.8000
20
87.8750
30
0.0
0
VERTEX
8
GRAVIROVANI
10
5.8000
20
88.1250
30
0.0
0
VERTEX
8
GRAVIROVANI
10
4.0000
20
88.1250
30
0.0
0
SEQEND
8
GRAVIROVANI
0
POLYLINE
8
GRAVIROVANI
10
0.0
20
0.0
30
0.0
66
1
70
1
0
VERTEX
8
GRAVIROVANI
10
4.0000
20
33.8750
30
0.0
0
VERTEX
8
GRAVIROVANI
10
5.8000
20
33.8750
30
0.0
0
VERTEX
8
GRAVIROVANI
10
5.8000
20
34.1250
30
0.0
0
VERTEX
8
GRAVIROVANI
10
4.0000
20
34.1250
30
0.0
0
SEQEND
8
GRAVIROVANI
0
POLYLINE
8
GRAVIROVANI
10
0.0
20
0.0
30
0.0
66
1
70
1
0
VERTEX
8
GRAVIROVANI
10
5.6750
20
34.0000
30
0.0
0
VERTEX
8
GRAVIROVANI
10
5.6750
20
32.5000
30
0.0
0
VERTEX
8
GRAVIROVANI
10
5.9250
20
32.5000
30
0.0
0
VERTEX
8
GRAVIROVANI
10
5.9250
20
34.0000
30
0.0
0
SEQEND
8
GRAVIROVANI
0
POLYLINE
8
GRAVIROVANI
10
0.0
20
0.0
30
0.0
66
1
70
1
0
VERTEX
8
GRAVIROVANI
10
4.0000
20
32.3750
30
0.0
0
VERTEX
8
GRAVIROVANI
10
5.8000
20
32.3750
30
0.0
0
VERTEX
8
GRAVIROVANI
10
5.8000
20
32.6250
30
0.0
0
VERTEX
8
GRAVIROVANI
10
4.0000
20
32.6250
30
0.0
0
SEQEND
8
GRAVIROVANI
0
POLYLINE
8
GRAVIROVANI
10
0.0
20
0.0
30
0.0
66
1
70
1
0
VERTEX
8
GRAVIROVANI
10
5.6750
20
32.5000
30
0.0
0
VERTEX
8
GRAVIROVANI
10
5.6750
20
31.0000
30
0.0
0
VERTEX
8
GRAVIROVANI
10
5.9250
20
31.0000
30
0.0
0
VERTEX
8
GRAVIROVANI
10
5.9250
20
32.5000
30
0.0
0
SEQEND
8
GRAVIROVANI
0
POLYLINE
8
GRAVIROVANI
10
0.0
20
0.0
30
0.0
66
1
70
1
0
VERTEX
8
GRAVIROVANI
10
4.0000
20
30.8750
30
0.0
0
VERTEX
8
GRAVIROVANI
10
5.8000
20
30.8750
30
0.0
0
VERTEX
8
GRAVIROVANI
10
5.8000
20
31.1250
30
0.0
0
VERTEX
8
GRAVIROVANI
10
4.0000
20
31.1250
30
0.0
0
SEQEND
8
GRAVIROVANI
0
POLYLINE
8
GRAVIROVANI
10
0.0
20
0.0
30
0.0
66
1
70
1
0
VERTEX
8
GRAVIROVANI
10
89.8750
20
55.0000
30
0.0
0
VERTEX
8
GRAVIROVANI
10
89.8750
20
53.2000
30
0.0
0
VERTEX
8
GRAVIROVANI
10
90.1250
20
53.2000
30
0.0
0
VERTEX
8
GRAVIROVANI
10
90.1250
20
55.0000
30
0.0
0
SEQEND
8
GRAVIROVANI
0
POLYLINE
8
GRAVIROVANI
10
0.0
20
0.0
30
0.0
66
1
70
1
0
VERTEX
8
GRAVIROVANI
10
89.8750
20
52.0000
30
0.0
0
VERTEX
8
GRAVIROVANI
10
89.8750
20
50.2000
30
0.0
0
VERTEX
8
GRAVIROVANI
10
90.1250
20
50.2000
30
0.0
0
VERTEX
8
GRAVIROVANI
10
90.1250
20
52.0000
30
0.0
0
SEQEND
8
GRAVIROVANI
0
POLYLINE
8
GRAVIROVANI
10
0.0
20
0.0
30
0.0
66
1
70
1
0
VERTEX
8
GRAVIROVANI
10
89.8750
20
49.0000
30
0.0
0
VERTEX
8
GRAVIROVANI
10
89.8750
20
47.2000
30
0.0
0
VERTEX
8
GRAVIROVANI
10
90.1250
20
47.2000
30
0.0
0
VERTEX
8
GRAVIROVANI
10
90.1250
20
49.0000
30
0.0
0
SEQEND
8
GRAVIROVANI
0
POLYLINE
8
GRAVIROVANI
10
0.0
20
0.0
30
0.0
66
1
70
1
0
VERTEX
8
GRAVIROVANI
10
89.8750
20
43.0000
30
0.0
0
VERTEX
8
GRAVIROVANI
10
89.8750
20
41.2000
30
0.0
0
VERTEX
8
GRAVIROVANI
10
90.1250
20
41.2000
30
0.0
0
VERTEX
8
GRAVIROVANI
10
90.1250
20
43.0000
30
0.0
0
SEQEND
8
GRAVIROVANI
0
POLYLINE
8
GRAVIROVANI
10
0.0
20
0.0
30
0.0
66
1
70
1
0
VERTEX
8
GRAVIROVANI
10
89.8750
20
40.0000
30
0.0
0
VERTEX
8
GRAVIROVANI
10
89.8750
20
38.2000
30
0.0
0
VERTEX
8
GRAVIROVANI
10
90.1250
20
38.2000
30
0.0
0
VERTEX
8
GRAVIROVANI
10
90.1250
20
40.0000
30
0.0
0
SEQEND
8
GRAVIROVANI
0
POLYLINE
8
GRAVIROVANI
10
0.0
20
0.0
30
0.0
66
1
70
1
0
VERTEX
8
GRAVIROVANI
10
89.8750
20
37.0000
30
0.0
0
VERTEX
8
GRAVIROVANI
10
89.8750
20
36.0000
30
0.0
0
VERTEX
8
GRAVIROVANI
10
90.1250
20
36.0000
30
0.0
0
VERTEX
8
GRAVIROVANI
10
90.1250
20
37.0000
30
0.0
0
SEQEND
8
GRAVIROVANI
0
POLYLINE
8
GRAVIROVANI
10
0.0
20
0.0
30
0.0
66
1
70
1
0
VERTEX
8
GRAVIROVANI
10
89.8750
20
29.0000
30
0.0
0
VERTEX
8
GRAVIROVANI
10
89.8750
20
27.2000
30
0.0
0
VERTEX
8
GRAVIROVANI
10
90.1250
20
27.2000
30
0.0
0
VERTEX
8
GRAVIROVANI
10
90.1250
20
29.0000
30
0.0
0
SEQEND
8
GRAVIROVANI
0
POLYLINE
8
GRAVIROVANI
10
0.0
20
0.0
30
0.0
66
1
70
1
0
VERTEX
8
GRAVIROVANI
10
89.8750
20
26.0000
30
0.0
0
VERTEX
8
GRAVIROVANI
10
89.8750
20
24.2000
30
0.0
0
VERTEX
8
GRAVIROVANI
10
90.1250
20
24.2000
30
0.0
0
VERTEX
8
GRAVIROVANI
10
90.1250
20
26.0000
30
0.0
0
SEQEND
8
GRAVIROVANI
0
POLYLINE
8
GRAVIROVANI
10
0.0
20
0.0
30
0.0
66
1
70
1
0
VERTEX
8
GRAVIROVANI
10
89.8750
20
17.0000
30
0.0
0
VERTEX
8
GRAVIROVANI
10
89.8750
20
15.2000
30
0.0
0
VERTEX
8
GRAVIROVANI
10
90.1250
20
15.2000
30
0.0
0
VERTEX
8
GRAVIROVANI
10
90.1250
20
17.0000
30
0.0
0
SEQEND
8
GRAVIROVANI
0
POLYLINE
8
GRAVIROVANI
10
0.0
20
0.0
30
0.0
66
1
70
1
0
VERTEX
8
GRAVIROVANI
10
89.8750
20
14.0000
30
0.0
0
VERTEX
8
GRAVIROVANI
10
89.8750
20
12.2000
30
0.0
0
VERTEX
8
GRAVIROVANI
10
90.1250
20
12.2000
30
0.0
0
VERTEX
8
GRAVIROVANI
10
90.1250
20
14.0000
30
0.0
0
SEQEND
8
GRAVIROVANI
0
POLYLINE
8
GRAVIROVANI
10
0.0
20
0.0
30
0.0
66
1
70
1
0
VERTEX
8
GRAVIROVANI
10
89.8750
20
11.0000
30
0.0
0
VERTEX
8
GRAVIROVANI
10
89.8750
20
10.0000
30
0.0
0
VERTEX
8
GRAVIROVANI
10
90.1250
20
10.0000
30
0.0
0
VERTEX
8
GRAVIROVANI
10
90.1250
20
11.0000
30
0.0
0
SEQEND
8
GRAVIROVANI
0
POLYLINE
8
GRAVIROVANI
10
0.0
20
0.0
30
0.0
66
1
70
1
0
VERTEX
8
GRAVIROVANI
10
144.8750
20
6.0000
30
0.0
0
VERTEX
8
GRAVIROVANI
10
144.8750
20
2.0000
30
0.0
0
VERTEX
8
GRAVIROVANI
10
145.1250
20
2.0000
30
0.0
0
VERTEX
8
GRAVIROVANI
10
145.1250
20
6.0000
30
0.0
0
SEQEND
8
GRAVIROVANI
0
POLYLINE
8
GRAVIROVANI
10
0.0
20
0.0
30
0.0
66
1
70
1
0
VERTEX
8
GRAVIROVANI
10
145.0000
20
3.8750
30
0.0
0
VERTEX
8
GRAVIROVANI
10
195.0000
20
3.8750
30
0.0
0
VERTEX
8
GRAVIROVANI
10
195.0000
20
4.1250
30
0.0
0
VERTEX
8
GRAVIROVANI
10
145.0000
20
4.1250
30
0.0
0
SEQEND
8
GRAVIROVANI
0
POLYLINE
8
GRAVIROVANI
10
0.0
20
0.0
30
0.0
66
1
70
1
0
VERTEX
8
GRAVIROVANI
10
194.8750
20
6.0000
30
0.0
0
VERTEX
8
GRAVIROVANI
10
194.8750
20
2.0000
30
0.0
0
VERTEX
8
GRAVIROVANI
10
195.1250
20
2.0000
30
0.0
0
VERTEX
8
GRAVIROVANI
10
195.1250
20
6.0000
30
0.0
0
SEQEND
8
GRAVIROVANI
0
POLYLINE
8
GRAVIROVANI
10
0.0
20
0.0
30
0.0
66
1
70
1
0
VERTEX
8
GRAVIROVANI
10
167.0000
20
8.4750
30
0.0
0
VERTEX
8
GRAVIROVANI
10
168.5600
20
8.4750
30
0.0
0
VERTEX
8
GRAVIROVANI
10
168.5600
20
8.7250
30
0.0
0
VERTEX
8
GRAVIROVANI
10
167.0000
20
8.7250
30
0.0
0
SEQEND
8
GRAVIROVANI
0
POLYLINE
8
GRAVIROVANI
10
0.0
20
0.0
30
0.0
66
1
70
1
0
VERTEX
8
GRAVIROVANI
10
166.8750
20
8.6000
30
0.0
0
VERTEX
8
GRAVIROVANI
10
166.8750
20
7.3000
30
0.0
0
VERTEX
8
GRAVIROVANI
10
167.1250
20
7.3000
30
0.0
0
VERTEX
8
GRAVIROVANI
10
167.1250
20
8.6000
30
0.0
0
SEQEND
8
GRAVIROVANI
0
POLYLINE
8
GRAVIROVANI
10
0.0
20
0.0
30
0.0
66
1
70
1
0
VERTEX
8
GRAVIROVANI
10
167.0000
20
7.1750
30
0.0
0
VERTEX
8
GRAVIROVANI
10
168.5600
20
7.1750
30
0.0
0
VERTEX
8
GRAVIROVANI
10
168.5600
20
7.4250
30
0.0
0
VERTEX
8
GRAVIROVANI
10
167.0000
20
7.4250
30
0.0
0
SEQEND
8
GRAVIROVANI
0
POLYLINE
8
GRAVIROVANI
10
0.0
20
0.0
30
0.0
66
1
70
1
0
VERTEX
8
GRAVIROVANI
10
168.4350
20
7.3000
30
0.0
0
VERTEX
8
GRAVIROVANI
10
168.4350
20
6.0000
30
0.0
0
VERTEX
8
GRAVIROVANI
10
168.6850
20
6.0000
30
0.0
0
VERTEX
8
GRAVIROVANI
10
168.6850
20
7.3000
30
0.0
0
SEQEND
8
GRAVIROVANI
0
POLYLINE
8
GRAVIROVANI
10
0.0
20
0.0
30
0.0
66
1
70
1
0
VERTEX
8
GRAVIROVANI
10
167.0000
20
5.8750
30
0.0
0
VERTEX
8
GRAVIROVANI
10
168.5600
20
5.8750
30
0.0
0
VERTEX
8
GRAVIROVANI
10
168.5600
20
6.1250
30
0.0
0
VERTEX
8
GRAVIROVANI
10
167.0000
20
6.1250
30
0.0
0
SEQEND
8
GRAVIROVANI
0
POLYLINE
8
GRAVIROVANI
10
0.0
20
0.0
30
0.0
66
1
70
1
0
VERTEX
8
GRAVIROVANI
10
169.2100
20
8.4750
30
0.0
0
VERTEX
8
GRAVIROVANI
10
170.7700
20
8.4750
30
0.0
0
VERTEX
8
GRAVIROVANI
10
170.7700
20
8.7250
30
0.0
0
VERTEX
8
GRAVIROVANI
10
169.2100
20
8.7250
30
0.0
0
SEQEND
8
GRAVIROVANI
0
POLYLINE
8
GRAVIROVANI
10
0.0
20
0.0
30
0.0
66
1
70
1
0
VERTEX
8
GRAVIROVANI
10
169.0850
20
8.6000
30
0.0
0
VERTEX
8
GRAVIROVANI
10
169.0850
20
7.3000
30
0.0
0
VERTEX
8
GRAVIROVANI
10
169.3350
20
7.3000
30
0.0
0
VERTEX
8
GRAVIROVANI
10
169.3350
20
8.6000
30
0.0
0
SEQEND
8
GRAVIROVANI
0
POLYLINE
8
GRAVIROVANI
10
0.0
20
0.0
30
0.0
66
1
70
1
0
VERTEX
8
GRAVIROVANI
10
170.6450
20
8.6000
30
0.0
0
VERTEX
8
GRAVIROVANI
10
170.6450
20
7.3000
30
0.0
0
VERTEX
8
GRAVIROVANI
10
170.8950
20
7.3000
30
0.0
0
VERTEX
8
GRAVIROVANI
10
170.8950
20
8.6000
30
0.0
0
SEQEND
8
GRAVIROVANI
0
POLYLINE
8
GRAVIROVANI
10
0.0
20
0.0
30
0.0
66
1
70
1
0
VERTEX
8
GRAVIROVANI
10
169.0850
20
7.3000
30
0.0
0
VERTEX
8
GRAVIROVANI
10
169.0850
20
6.0000
30
0.0
0
VERTEX
8
GRAVIROVANI
10
169.3350
20
6.0000
30
0.0
0
VERTEX
8
GRAVIROVANI
10
169.3350
20
7.3000
30
0.0
0
SEQEND
8
GRAVIROVANI
0
POLYLINE
8
GRAVIROVANI
10
0.0
20
0.0
30
0.0
66
1
70
1
0
VERTEX
8
GRAVIROVANI
10
170.6450
20
7.3000
30
0.0
0
VERTEX
8
GRAVIROVANI
10
170.6450
20
6.0000
30
0.0
0
VERTEX
8
GRAVIROVANI
10
170.8950
20
6.0000
30
0.0
0
VERTEX
8
GRAVIROVANI
10
170.8950
20
7.3000
30
0.0
0
SEQEND
8
GRAVIROVANI
0
POLYLINE
8
GRAVIROVANI
10
0.0
20
0.0
30
0.0
66
1
70
1
0
VERTEX
8
GRAVIROVANI
10
169.2100
20
5.8750
30
0.0
0
VERTEX
8
GRAVIROVANI
10
170.7700
20
5.8750
30
0.0
0
VERTEX
8
GRAVIROVANI
10
170.7700
20
6.1250
30
0.0
0
VERTEX
8
GRAVIROVANI
10
169.2100
20
6.1250
30
0.0
0
SEQEND
8
GRAVIROVANI
0
ENDSEC
0
EOF
